datetime,time,symbol,spot,zero_dte_call_premium,zero_dte_put_premium,zero_dte_net_premium,all_exp_call_premium,all_exp_put_premium,all_exp_net_premium,zero_dte_rows,all_exp_rows
2026-05-13 19:24:56,19:24:56,SPY,742.31,155588333.0,49952791.0,105635542.0,523971637.0,131031077.0,392940560.0,240,1244
2026-05-13 19:25:00,19:25:00,SPY,742.31,155588333.0,49952791.0,105635542.0,523971637.0,131031077.0,392940560.0,240,1244
2026-05-13 19:25:03,19:25:03,SPY,742.31,155588333.0,49952791.0,105635542.0,523971637.0,131031077.0,392940560.0,240,1244
2026-05-13 19:25:10,19:25:10,SPY,742.31,155588333.0,49952791.0,105635542.0,523971637.0,131031077.0,392940560.0,240,1244
2026-05-13 19:25:18,19:25:18,SPY,742.31,155588333.0,49952791.0,105635542.0,523971637.0,131031077.0,392940560.0,240,1244
2026-05-13 19:25:25,19:25:25,SPY,742.31,155588333.0,49952791.0,105635542.0,523971637.0,131031077.0,392940560.0,240,1244
2026-05-13 19:25:39,19:25:39,SPY,742.31,155588333.0,49952791.0,105635542.0,523971637.0,131031077.0,392940560.0,240,1244
2026-05-13 19:25:40,19:25:40,SPY,742.31,155588333.0,49952791.0,105635542.0,523971637.0,131031077.0,392940560.0,240,1244
2026-05-13 19:25:56,19:25:56,SPY,742.31,155588333.0,49952791.0,105635542.0,523971637.0,131031077.0,392940560.0,240,1244
2026-05-13 19:26:10,19:26:10,SPY,742.31,155588333.0,49952791.0,105635542.0,523971637.0,131031077.0,392940560.0,240,1244
2026-05-13 19:26:26,19:26:26,SPY,742.31,155588333.0,49952791.0,105635542.0,523971637.0,131031077.0,392940560.0,240,1244
2026-05-13 19:26:40,19:26:40,SPY,742.31,155588333.0,49952791.0,105635542.0,523971637.0,131031077.0,392940560.0,240,1244
2026-05-13 19:27:00,19:27:00,SPY,742.31,155588333.0,49952791.0,105635542.0,523971637.0,131031077.0,392940560.0,240,1244
2026-05-13 19:27:59,19:27:59,SPY,742.31,155588333.0,49952791.0,105635542.0,523971637.0,131031077.0,392940560.0,240,1244
2026-05-13 19:28:58,19:28:58,SPY,742.31,155588333.0,49952791.0,105635542.0,523971637.0,131031077.0,392940560.0,240,1244
2026-05-13 19:30:00,19:30:00,SPY,742.31,155588333.0,49952791.0,105635542.0,523971637.0,131031077.0,392940560.0,240,1244
2026-05-13 19:30:35,19:30:35,SPY,742.31,155588333.0,49952791.0,105635542.0,523971637.0,131031077.0,392940560.0,240,1244
2026-05-13 19:30:49,19:30:49,SPY,742.31,155588333.0,49952791.0,105635542.0,523971637.0,131031077.0,392940560.0,240,1244
2026-05-13 19:31:02,19:31:02,SPY,742.31,155588333.0,49952791.0,105635542.0,523971637.0,131031077.0,392940560.0,240,1244
2026-05-13 19:31:18,19:31:18,SPY,742.31,155588333.0,49952791.0,105635542.0,523971637.0,131031077.0,392940560.0,240,1244
2026-05-13 19:31:53,19:31:53,SPY,742.31,155588333.0,49952791.0,105635542.0,523971637.0,131031077.0,392940560.0,240,1244
2026-05-13 19:31:58,19:31:58,SPY,742.31,155588333.0,49952791.0,105635542.0,523971637.0,131031077.0,392940560.0,240,1244
2026-05-13 19:32:20,19:32:20,SPY,742.31,155588333.0,49952791.0,105635542.0,523971637.0,131031077.0,392940560.0,240,1244
2026-05-13 19:32:35,19:32:35,SPY,742.31,155588333.0,49952791.0,105635542.0,523971637.0,131031077.0,392940560.0,240,1244
2026-05-13 19:32:50,19:32:50,SPY,742.31,155588333.0,49952791.0,105635542.0,523971637.0,131031077.0,392940560.0,240,1244
2026-05-13 19:33:05,19:33:05,SPY,742.31,155588333.0,49952791.0,105635542.0,523971637.0,131031077.0,392940560.0,240,1244
2026-05-13 19:33:20,19:33:20,SPY,742.31,155588333.0,49952791.0,105635542.0,523971637.0,131031077.0,392940560.0,240,1244
2026-05-13 19:33:35,19:33:35,SPY,742.31,155588333.0,49952791.0,105635542.0,523971637.0,131031077.0,392940560.0,240,1244
2026-05-13 19:33:50,19:33:50,SPY,742.31,155588333.0,49952791.0,105635542.0,523971637.0,131031077.0,392940560.0,240,1244
2026-05-13 19:34:50,19:34:50,SPY,742.31,155588333.0,49952791.0,105635542.0,523971637.0,131031077.0,392940560.0,240,1244
2026-05-13 19:35:36,19:35:36,SPY,742.31,155588333.0,49952791.0,105635542.0,523971637.0,131031077.0,392940560.0,240,1244
2026-05-13 19:35:43,19:35:43,SPY,742.31,155588333.0,49952791.0,105635542.0,523971637.0,131031077.0,392940560.0,240,1244
2026-05-13 19:35:57,19:35:57,SPY,742.31,155588333.0,49952791.0,105635542.0,523971637.0,131031077.0,392940560.0,240,1244
2026-05-13 19:36:13,19:36:13,SPY,742.31,155588333.0,49952791.0,105635542.0,523971637.0,131031077.0,392940560.0,240,1244
2026-05-13 19:36:28,19:36:28,SPY,742.31,155588333.0,49952791.0,105635542.0,523971637.0,131031077.0,392940560.0,240,1244
2026-05-13 19:36:44,19:36:44,SPY,742.31,155588333.0,49952791.0,105635542.0,523971637.0,131031077.0,392940560.0,240,1244
2026-05-13 19:36:57,19:36:57,SPY,742.31,155588333.0,49952791.0,105635542.0,523971637.0,131031077.0,392940560.0,240,1244
2026-05-13 19:37:12,19:37:12,SPY,742.31,155588333.0,49952791.0,105635542.0,523971637.0,131031077.0,392940560.0,240,1244
2026-05-13 19:37:27,19:37:27,SPY,742.31,155588333.0,49952791.0,105635542.0,523971637.0,131031077.0,392940560.0,240,1244
2026-05-13 19:37:58,19:37:58,SPY,742.31,155588333.0,49952791.0,105635542.0,523971637.0,131031077.0,392940560.0,240,1244
2026-05-13 19:38:13,19:38:13,SPY,742.31,155588333.0,49952791.0,105635542.0,523971637.0,131031077.0,392940560.0,240,1244
2026-05-13 19:38:13,19:38:13,SPY,742.31,155588333.0,49952791.0,105635542.0,523971637.0,131031077.0,392940560.0,240,1244
2026-05-13 19:38:22,19:38:22,SPY,742.31,155588333.0,49952791.0,105635542.0,523971637.0,131031077.0,392940560.0,240,1244
2026-05-13 19:38:36,19:38:36,SPY,742.31,155588333.0,49952791.0,105635542.0,523971637.0,131031077.0,392940560.0,240,1244
2026-05-13 19:38:50,19:38:50,SPY,742.31,155588333.0,49952791.0,105635542.0,523971637.0,131031077.0,392940560.0,240,1244
2026-05-13 19:39:05,19:39:05,SPY,742.31,155588333.0,49952791.0,105635542.0,523971637.0,131031077.0,392940560.0,240,1244
2026-05-13 19:39:20,19:39:20,SPY,742.31,155588333.0,49952791.0,105635542.0,523971637.0,131031077.0,392940560.0,240,1244
2026-05-13 19:39:35,19:39:35,SPY,742.31,155588333.0,49952791.0,105635542.0,523971637.0,131031077.0,392940560.0,240,1244
2026-05-13 19:39:50,19:39:50,SPY,742.31,155588333.0,49952791.0,105635542.0,523971637.0,131031077.0,392940560.0,240,1244
2026-05-13 19:40:05,19:40:05,SPY,742.31,155588333.0,49952791.0,105635542.0,523971637.0,131031077.0,392940560.0,240,1244
2026-05-13 19:40:20,19:40:20,SPY,742.31,155588333.0,49952791.0,105635542.0,523971637.0,131031077.0,392940560.0,240,1244
2026-05-13 19:40:35,19:40:35,SPY,742.31,155588333.0,49952791.0,105635542.0,523971637.0,131031077.0,392940560.0,240,1244
2026-05-13 19:40:50,19:40:50,SPY,742.31,155588333.0,49952791.0,105635542.0,523971637.0,131031077.0,392940560.0,240,1244
2026-05-13 19:41:05,19:41:05,SPY,742.31,155588333.0,49952791.0,105635542.0,523971637.0,131031077.0,392940560.0,240,1244
2026-05-13 19:41:20,19:41:20,SPY,742.31,155588333.0,49952791.0,105635542.0,523971637.0,131031077.0,392940560.0,240,1244
2026-05-13 19:41:35,19:41:35,SPY,742.31,155588333.0,49952791.0,105635542.0,523971637.0,131031077.0,392940560.0,240,1244
2026-05-13 19:41:50,19:41:50,SPY,742.31,155588333.0,49952791.0,105635542.0,523971637.0,131031077.0,392940560.0,240,1244
2026-05-13 19:42:05,19:42:05,SPY,742.31,155588333.0,49952791.0,105635542.0,523971637.0,131031077.0,392940560.0,240,1244
2026-05-13 19:42:20,19:42:20,SPY,742.31,155588333.0,49952791.0,105635542.0,523971637.0,131031077.0,392940560.0,240,1244
2026-05-13 19:42:35,19:42:35,SPY,742.31,155588333.0,49952791.0,105635542.0,523971637.0,131031077.0,392940560.0,240,1244
2026-05-13 19:42:50,19:42:50,SPY,742.31,155588333.0,49952791.0,105635542.0,523971637.0,131031077.0,392940560.0,240,1244
2026-05-13 19:43:05,19:43:05,SPY,742.31,155588333.0,49952791.0,105635542.0,523971637.0,131031077.0,392940560.0,240,1244
2026-05-13 19:43:21,19:43:21,SPY,742.31,155588333.0,49952791.0,105635542.0,523971637.0,131031077.0,392940560.0,240,1244
2026-05-13 19:43:36,19:43:36,SPY,742.31,155588333.0,49952791.0,105635542.0,523971637.0,131031077.0,392940560.0,240,1244
2026-05-13 19:43:51,19:43:51,SPY,742.31,155588333.0,49952791.0,105635542.0,523971637.0,131031077.0,392940560.0,240,1244
2026-05-13 19:44:05,19:44:05,SPY,742.31,155588333.0,49952791.0,105635542.0,523971637.0,131031077.0,392940560.0,240,1244
2026-05-13 19:44:58,19:44:58,SPY,742.31,155588333.0,49952791.0,105635542.0,523971637.0,131031077.0,392940560.0,240,1244
2026-05-13 19:45:52,19:45:52,SPY,742.31,155588333.0,49952791.0,105635542.0,523971637.0,131031077.0,392940560.0,240,1244
2026-05-13 19:46:14,19:46:14,SPY,742.31,155588333.0,49952791.0,105635542.0,523971637.0,131031077.0,392940560.0,240,1244
2026-05-13 19:46:15,19:46:15,SPY,742.31,155588333.0,49952791.0,105635542.0,523971637.0,131031077.0,392940560.0,240,1244
2026-05-13 19:46:27,19:46:27,SPY,742.31,155588333.0,49952791.0,105635542.0,523971637.0,131031077.0,392940560.0,240,1244
2026-05-13 19:46:43,19:46:43,SPY,742.31,155588333.0,49952791.0,105635542.0,523971637.0,131031077.0,392940560.0,240,1244
2026-05-13 19:46:59,19:46:59,SPY,742.31,155588333.0,49952791.0,105635542.0,523971637.0,131031077.0,392940560.0,240,1244
2026-05-13 19:47:15,19:47:15,SPY,742.31,155588333.0,49952791.0,105635542.0,523971637.0,131031077.0,392940560.0,240,1244
2026-05-13 19:47:28,19:47:28,SPY,742.31,155588333.0,49952791.0,105635542.0,523971637.0,131031077.0,392940560.0,240,1244
2026-05-13 19:47:44,19:47:44,SPY,742.31,155588333.0,49952791.0,105635542.0,523971637.0,131031077.0,392940560.0,240,1244
2026-05-13 19:47:59,19:47:59,SPY,742.31,155588333.0,49952791.0,105635542.0,523971637.0,131031077.0,392940560.0,240,1244
2026-05-13 19:48:59,19:48:59,SPY,742.31,155588333.0,49952791.0,105635542.0,523971637.0,131031077.0,392940560.0,240,1244
2026-05-13 19:49:59,19:49:59,SPY,742.31,155588333.0,49952791.0,105635542.0,523971637.0,131031077.0,392940560.0,240,1244
2026-05-13 19:50:58,19:50:58,SPY,742.31,155588333.0,49952791.0,105635542.0,523971637.0,131031077.0,392940560.0,240,1244
2026-05-13 19:51:59,19:51:59,SPY,742.31,155588333.0,49952791.0,105635542.0,523971637.0,131031077.0,392940560.0,240,1244
2026-05-13 19:52:58,19:52:58,SPY,742.31,155588333.0,49952791.0,105635542.0,523971637.0,131031077.0,392940560.0,240,1244
2026-05-13 19:53:30,19:53:30,SPY,742.31,155588333.0,49952791.0,105635542.0,523971637.0,131031077.0,392940560.0,240,1244
2026-05-13 19:53:39,19:53:39,SPY,742.31,155588333.0,49952791.0,105635542.0,523971637.0,131031077.0,392940560.0,240,1244
2026-05-13 19:54:04,19:54:04,SPY,742.31,155588333.0,49952791.0,105635542.0,523971637.0,131031077.0,392940560.0,240,1244
2026-05-13 19:54:18,19:54:18,SPY,742.31,155588333.0,49952791.0,105635542.0,523971637.0,131031077.0,392940560.0,240,1244
2026-05-13 19:54:32,19:54:32,SPY,742.31,155588333.0,49952791.0,105635542.0,523971637.0,131031077.0,392940560.0,240,1244
2026-05-13 19:54:48,19:54:48,SPY,742.31,155588333.0,49952791.0,105635542.0,523971637.0,131031077.0,392940560.0,240,1244
2026-05-13 19:55:04,19:55:04,SPY,742.31,155588333.0,49952791.0,105635542.0,523971637.0,131031077.0,392940560.0,240,1244
2026-05-13 19:55:18,19:55:18,SPY,742.31,155588333.0,49952791.0,105635542.0,523971637.0,131031077.0,392940560.0,240,1244
2026-05-13 19:55:34,19:55:34,SPY,742.31,155588333.0,49952791.0,105635542.0,523971637.0,131031077.0,392940560.0,240,1244
2026-05-13 19:55:37,19:55:37,SPY,742.31,155588333.0,49952791.0,105635542.0,523971637.0,131031077.0,392940560.0,240,1244
2026-05-13 19:55:48,19:55:48,SPY,742.31,155588333.0,49952791.0,105635542.0,523971637.0,131031077.0,392940560.0,240,1244
2026-05-13 19:56:02,19:56:02,SPY,742.31,155588333.0,49952791.0,105635542.0,523971637.0,131031077.0,392940560.0,240,1244
2026-05-13 19:56:05,19:56:05,SPY,742.31,155588333.0,49952791.0,105635542.0,523971637.0,131031077.0,392940560.0,240,1244
2026-05-13 19:56:18,19:56:18,SPY,742.31,155588333.0,49952791.0,105635542.0,523971637.0,131031077.0,392940560.0,240,1244
2026-05-13 19:56:33,19:56:33,SPY,742.31,155588333.0,49952791.0,105635542.0,523971637.0,131031077.0,392940560.0,240,1244
2026-05-13 19:56:47,19:56:47,SPY,742.31,155588333.0,49952791.0,105635542.0,523971637.0,131031077.0,392940560.0,240,1244
2026-05-13 19:57:04,19:57:04,SPY,742.31,155588333.0,49952791.0,105635542.0,523971637.0,131031077.0,392940560.0,240,1244
2026-05-13 19:57:18,19:57:18,SPY,742.31,155588333.0,49952791.0,105635542.0,523971637.0,131031077.0,392940560.0,240,1244
2026-05-13 19:57:58,19:57:58,SPY,742.31,155588333.0,49952791.0,105635542.0,523971637.0,131031077.0,392940560.0,240,1244
2026-05-13 19:58:58,19:58:58,SPY,742.31,155588333.0,49952791.0,105635542.0,523971637.0,131031077.0,392940560.0,240,1244
2026-05-13 19:59:54,19:59:54,SPY,742.31,155588333.0,49952791.0,105635542.0,523971637.0,131031077.0,392940560.0,240,1244
2026-05-13 20:00:03,20:00:03,SPY,742.31,155588333.0,49952791.0,105635542.0,523971637.0,131031077.0,392940560.0,240,1244
2026-05-13 20:00:16,20:00:16,SPY,742.31,155588333.0,49952791.0,105635542.0,523971637.0,131031077.0,392940560.0,240,1244
2026-05-13 20:00:31,20:00:31,SPY,742.31,155588333.0,49952791.0,105635542.0,523971637.0,131031077.0,392940560.0,240,1244
2026-05-13 20:00:45,20:00:45,SPY,742.31,155588333.0,49952791.0,105635542.0,523971637.0,131031077.0,392940560.0,240,1244
2026-05-13 20:01:00,20:01:00,SPY,742.31,155588333.0,49952791.0,105635542.0,523971637.0,131031077.0,392940560.0,240,1244
2026-05-13 20:01:16,20:01:16,SPY,742.31,155588333.0,49952791.0,105635542.0,523971637.0,131031077.0,392940560.0,240,1244
2026-05-13 20:01:30,20:01:30,SPY,742.31,155588333.0,49952791.0,105635542.0,523971637.0,131031077.0,392940560.0,240,1244
2026-05-13 20:01:45,20:01:45,SPY,742.31,155588333.0,49952791.0,105635542.0,523971637.0,131031077.0,392940560.0,240,1244
2026-05-13 20:02:47,20:02:47,SPY,742.31,155588333.0,49952791.0,105635542.0,523971637.0,131031077.0,392940560.0,240,1244
2026-05-13 20:03:47,20:03:47,SPY,742.31,155588333.0,49952791.0,105635542.0,523971637.0,131031077.0,392940560.0,240,1244
2026-05-13 20:04:48,20:04:48,SPY,742.31,155588333.0,49952791.0,105635542.0,523971637.0,131031077.0,392940560.0,240,1244
2026-05-13 20:05:50,20:05:50,SPY,742.31,155588333.0,49952791.0,105635542.0,523971637.0,131031077.0,392940560.0,240,1244
2026-05-13 20:06:52,20:06:52,SPY,742.31,155588333.0,49952791.0,105635542.0,523971637.0,131031077.0,392940560.0,240,1244
2026-05-13 20:07:51,20:07:51,SPY,742.31,155588333.0,49952791.0,105635542.0,523971637.0,131031077.0,392940560.0,240,1244
2026-05-13 20:08:54,20:08:54,SPY,742.31,155588333.0,49952791.0,105635542.0,523971637.0,131031077.0,392940560.0,240,1244
2026-05-13 20:09:54,20:09:54,SPY,742.31,155588333.0,49952791.0,105635542.0,523971637.0,131031077.0,392940560.0,240,1244
2026-05-13 20:10:55,20:10:55,SPY,742.31,155588333.0,49952791.0,105635542.0,523971637.0,131031077.0,392940560.0,240,1244
2026-05-13 20:11:55,20:11:55,SPY,742.31,155588333.0,49952791.0,105635542.0,523971637.0,131031077.0,392940560.0,240,1244
2026-05-13 20:12:57,20:12:57,SPY,742.31,155588333.0,49952791.0,105635542.0,523971637.0,131031077.0,392940560.0,240,1244
2026-05-13 20:13:59,20:13:59,SPY,742.31,155588333.0,49952791.0,105635542.0,523971637.0,131031077.0,392940560.0,240,1244
2026-05-13 20:14:02,20:14:02,SPY,742.31,155588333.0,49952791.0,105635542.0,523971637.0,131031077.0,392940560.0,240,1244
2026-05-13 20:14:59,20:14:59,SPY,742.31,155588333.0,49952791.0,105635542.0,523971637.0,131031077.0,392940560.0,240,1244
2026-05-13 20:15:02,20:15:02,SPY,742.31,155588333.0,49952791.0,105635542.0,523971637.0,131031077.0,392940560.0,240,1244
2026-05-13 20:15:59,20:15:59,SPY,742.31,155588333.0,49952791.0,105635542.0,523971637.0,131031077.0,392940560.0,240,1244
2026-05-13 20:16:01,20:16:01,SPY,742.31,155588333.0,49952791.0,105635542.0,523971637.0,131031077.0,392940560.0,240,1244
2026-05-13 20:17:00,20:17:00,SPY,742.31,155588333.0,49952791.0,105635542.0,523971637.0,131031077.0,392940560.0,240,1244
2026-05-13 20:17:02,20:17:02,SPY,742.31,155588333.0,49952791.0,105635542.0,523971637.0,131031077.0,392940560.0,240,1244
2026-05-13 20:17:59,20:17:59,SPY,742.31,155588333.0,49952791.0,105635542.0,523971637.0,131031077.0,392940560.0,240,1244
2026-05-13 20:18:01,20:18:01,SPY,742.31,155588333.0,49952791.0,105635542.0,523971637.0,131031077.0,392940560.0,240,1244
2026-05-13 20:19:00,20:19:00,SPY,742.31,155588333.0,49952791.0,105635542.0,523971637.0,131031077.0,392940560.0,240,1244
2026-05-13 20:19:01,20:19:01,SPY,742.31,155588333.0,49952791.0,105635542.0,523971637.0,131031077.0,392940560.0,240,1244
2026-05-13 20:19:59,20:19:59,SPY,742.31,155588333.0,49952791.0,105635542.0,523971637.0,131031077.0,392940560.0,240,1244
2026-05-13 20:20:02,20:20:02,SPY,742.31,155588333.0,49952791.0,105635542.0,523971637.0,131031077.0,392940560.0,240,1244
2026-05-13 20:21:00,20:21:00,SPY,742.31,155588333.0,49952791.0,105635542.0,523971637.0,131031077.0,392940560.0,240,1244
2026-05-13 20:21:01,20:21:01,SPY,742.31,155588333.0,49952791.0,105635542.0,523971637.0,131031077.0,392940560.0,240,1244
2026-05-13 20:21:59,20:21:59,SPY,742.31,155588333.0,49952791.0,105635542.0,523971637.0,131031077.0,392940560.0,240,1244
2026-05-13 20:22:01,20:22:01,SPY,742.31,155588333.0,49952791.0,105635542.0,523971637.0,131031077.0,392940560.0,240,1244
2026-05-13 20:22:59,20:22:59,SPY,742.31,155588333.0,49952791.0,105635542.0,523971637.0,131031077.0,392940560.0,240,1244
2026-05-13 20:23:01,20:23:01,SPY,742.31,155588333.0,49952791.0,105635542.0,523971637.0,131031077.0,392940560.0,240,1244
2026-05-13 20:24:00,20:24:00,SPY,742.31,155588333.0,49952791.0,105635542.0,523971637.0,131031077.0,392940560.0,240,1244
2026-05-13 20:24:01,20:24:01,SPY,742.31,155588333.0,49952791.0,105635542.0,523971637.0,131031077.0,392940560.0,240,1244
2026-05-13 20:25:00,20:25:00,SPY,742.31,155588333.0,49952791.0,105635542.0,523971637.0,131031077.0,392940560.0,240,1244
2026-05-13 20:25:02,20:25:02,SPY,742.31,155588333.0,49952791.0,105635542.0,523971637.0,131031077.0,392940560.0,240,1244
2026-05-13 20:26:00,20:26:00,SPY,742.31,155588333.0,49952791.0,105635542.0,523971637.0,131031077.0,392940560.0,240,1244
2026-05-13 20:26:01,20:26:01,SPY,742.31,155588333.0,49952791.0,105635542.0,523971637.0,131031077.0,392940560.0,240,1244
2026-05-13 20:27:00,20:27:00,SPY,742.31,155588333.0,49952791.0,105635542.0,523971637.0,131031077.0,392940560.0,240,1244
2026-05-13 20:27:01,20:27:01,SPY,742.31,155588333.0,49952791.0,105635542.0,523971637.0,131031077.0,392940560.0,240,1244
2026-05-13 20:28:00,20:28:00,SPY,742.31,155588333.0,49952791.0,105635542.0,523971637.0,131031077.0,392940560.0,240,1244
2026-05-13 20:28:01,20:28:01,SPY,742.31,155588333.0,49952791.0,105635542.0,523971637.0,131031077.0,392940560.0,240,1244
2026-05-13 20:29:00,20:29:00,SPY,742.31,155588333.0,49952791.0,105635542.0,523971637.0,131031077.0,392940560.0,240,1244
2026-05-13 20:29:02,20:29:02,SPY,742.31,155588333.0,49952791.0,105635542.0,523971637.0,131031077.0,392940560.0,240,1244
2026-05-13 20:29:58,20:29:58,SPY,742.31,155588333.0,49952791.0,105635542.0,523971637.0,131031077.0,392940560.0,240,1244
2026-05-13 20:30:17,20:30:17,SPY,742.31,155588333.0,49952791.0,105635542.0,523971637.0,131031077.0,392940560.0,240,1244
2026-05-13 20:30:17,20:30:17,SPY,742.31,155588333.0,49952791.0,105635542.0,523971637.0,131031077.0,392940560.0,240,1244
2026-05-13 20:30:26,20:30:26,SPY,742.31,155588333.0,49952791.0,105635542.0,523971637.0,131031077.0,392940560.0,240,1244
2026-05-13 20:30:39,20:30:39,SPY,742.31,155588333.0,49952791.0,105635542.0,523971637.0,131031077.0,392940560.0,240,1244
2026-05-13 20:30:54,20:30:54,SPY,742.31,155588333.0,49952791.0,105635542.0,523971637.0,131031077.0,392940560.0,240,1244
2026-05-14 07:04:47,07:04:47,SPY,742.31,58039442.0,10960591.0,47078851.0,2249835353.0,58931497.0,2190903856.0,240,1244
2026-05-14 07:04:53,07:04:53,SPY,742.31,58039442.0,10960591.0,47078851.0,2249835353.0,58931497.0,2190903856.0,240,1244
2026-05-14 07:04:55,07:04:55,SPY,742.31,58039442.0,10960591.0,47078851.0,2249835353.0,58931497.0,2190903856.0,240,1244
2026-05-14 07:05:02,07:05:02,SPY,742.31,58039442.0,10960591.0,47078851.0,2249835353.0,58931497.0,2190903856.0,240,1244
2026-05-14 07:05:28,07:05:28,SPY,742.31,58039442.0,10960591.0,47078851.0,2249835353.0,58931497.0,2190903856.0,240,1244
2026-05-14 07:05:43,07:05:43,SPY,742.31,58039442.0,10960591.0,47078851.0,2249835353.0,58931497.0,2190903856.0,240,1244
2026-05-14 07:05:58,07:05:58,SPY,742.31,58039442.0,10960591.0,47078851.0,2249835353.0,58931497.0,2190903856.0,240,1244
2026-05-14 07:06:13,07:06:13,SPY,742.31,58039442.0,10960591.0,47078851.0,2249835353.0,58931497.0,2190903856.0,240,1244
2026-05-14 07:06:28,07:06:28,SPY,742.31,58039442.0,10960591.0,47078851.0,2249835353.0,58931497.0,2190903856.0,240,1244
2026-05-14 07:06:43,07:06:43,SPY,742.31,58039442.0,10960591.0,47078851.0,2249835353.0,58931497.0,2190903856.0,240,1244
2026-05-14 07:07:00,07:07:00,SPY,742.31,58039442.0,10960591.0,47078851.0,2249835353.0,58931497.0,2190903856.0,240,1244
2026-05-14 07:07:14,07:07:14,SPY,742.31,58039442.0,10960591.0,47078851.0,2249835353.0,58931497.0,2190903856.0,240,1244
2026-05-14 07:07:28,07:07:28,SPY,742.31,58039442.0,10960591.0,47078851.0,2249835353.0,58931497.0,2190903856.0,240,1244
2026-05-14 07:07:43,07:07:43,SPY,742.31,58039442.0,10960591.0,47078851.0,2249835353.0,58931497.0,2190903856.0,240,1244
2026-05-14 07:07:58,07:07:58,SPY,742.31,58039442.0,10960591.0,47078851.0,2249835353.0,58931497.0,2190903856.0,240,1244
2026-05-14 07:08:59,07:08:59,SPY,742.31,58039442.0,10960591.0,47078851.0,2249835353.0,58931497.0,2190903856.0,240,1244
2026-05-14 07:09:58,07:09:58,SPY,742.31,58039442.0,10960591.0,47078851.0,2249835353.0,58931497.0,2190903856.0,240,1244
2026-05-14 07:10:59,07:10:59,SPY,742.31,58039442.0,10960591.0,47078851.0,2249835353.0,58931497.0,2190903856.0,240,1244
2026-05-14 07:11:59,07:11:59,SPY,742.31,58039442.0,10960591.0,47078851.0,2249835353.0,58931497.0,2190903856.0,240,1244
2026-05-14 07:13:00,07:13:00,SPY,742.31,58039442.0,10960591.0,47078851.0,2249835353.0,58931497.0,2190903856.0,240,1244
2026-05-14 07:14:00,07:14:00,SPY,742.31,58039442.0,10960591.0,47078851.0,2249835353.0,58931497.0,2190903856.0,240,1244
2026-05-14 07:15:00,07:15:00,SPY,742.31,58039442.0,10960591.0,47078851.0,2249835353.0,58931497.0,2190903856.0,240,1244
2026-05-14 07:15:59,07:15:59,SPY,742.31,58039442.0,10960591.0,47078851.0,2249835353.0,58931497.0,2190903856.0,240,1244
2026-05-14 07:16:59,07:16:59,SPY,742.31,58039442.0,10960591.0,47078851.0,2249835353.0,58931497.0,2190903856.0,240,1244
2026-05-14 07:17:58,07:17:58,SPY,742.31,58039442.0,10960591.0,47078851.0,2249835353.0,58931497.0,2190903856.0,240,1244
2026-05-14 07:19:01,07:19:01,SPY,742.31,58039442.0,10960591.0,47078851.0,2249835353.0,58931497.0,2190903856.0,240,1244
2026-05-14 07:19:59,07:19:59,SPY,742.31,58039442.0,10960591.0,47078851.0,2249835353.0,58931497.0,2190903856.0,240,1244
2026-05-14 07:21:00,07:21:00,SPY,742.31,58039442.0,10960591.0,47078851.0,2249835353.0,58931497.0,2190903856.0,240,1244
2026-05-14 07:22:00,07:22:00,SPY,742.31,58039442.0,10960591.0,47078851.0,2249835353.0,58931497.0,2190903856.0,240,1244
2026-05-14 07:22:59,07:22:59,SPY,742.31,58039442.0,10960591.0,47078851.0,2249835353.0,58931497.0,2190903856.0,240,1244
2026-05-14 07:23:59,07:23:59,SPY,742.31,58039442.0,10960591.0,47078851.0,2249835353.0,58931497.0,2190903856.0,240,1244
2026-05-14 07:25:00,07:25:00,SPY,742.31,58039442.0,10960591.0,47078851.0,2249835353.0,58931497.0,2190903856.0,240,1244
2026-05-14 07:26:00,07:26:00,SPY,742.31,58039442.0,10960591.0,47078851.0,2249835353.0,58931497.0,2190903856.0,240,1244
2026-05-14 07:27:00,07:27:00,SPY,742.31,58039442.0,10960591.0,47078851.0,2249835353.0,58931497.0,2190903856.0,240,1244
2026-05-14 07:28:00,07:28:00,SPY,742.31,58039442.0,10960591.0,47078851.0,2249835353.0,58931497.0,2190903856.0,240,1244
2026-05-14 07:28:14,07:28:14,SPY,742.31,58039442.0,10960591.0,47078851.0,2249835353.0,58931497.0,2190903856.0,240,1244
2026-05-14 07:28:29,07:28:29,SPY,742.31,58039442.0,10960591.0,47078851.0,2249835353.0,58931497.0,2190903856.0,240,1244
2026-05-14 07:28:44,07:28:44,SPY,742.31,58039442.0,10960591.0,47078851.0,2249835353.0,58931497.0,2190903856.0,240,1244
2026-05-14 07:28:58,07:28:58,SPY,742.31,58039442.0,10960591.0,47078851.0,2249835353.0,58931497.0,2190903856.0,240,1244
2026-05-14 07:30:00,07:30:00,SPY,742.31,58039442.0,10960591.0,47078851.0,2249835353.0,58931497.0,2190903856.0,240,1244
2026-05-14 07:43:10,07:43:10,SPY,742.31,58039442.0,10960591.0,47078851.0,2249835353.0,58931497.0,2190903856.0,240,1244
2026-05-14 07:43:13,07:43:13,SPY,742.31,58039442.0,10960591.0,47078851.0,2249835353.0,58931497.0,2190903856.0,240,1244
2026-05-14 07:43:40,07:43:40,SPY,742.31,58039442.0,10960591.0,47078851.0,2249835353.0,58931497.0,2190903856.0,240,1244
2026-05-14 07:43:54,07:43:54,SPY,742.31,58039442.0,10960591.0,47078851.0,2249835353.0,58931497.0,2190903856.0,240,1244
2026-05-14 07:44:09,07:44:09,SPY,742.31,58039442.0,10960591.0,47078851.0,2249835353.0,58931497.0,2190903856.0,240,1244
2026-05-14 07:44:24,07:44:24,SPY,742.31,58039442.0,10960591.0,47078851.0,2249835353.0,58931497.0,2190903856.0,240,1244
2026-05-14 07:44:39,07:44:39,SPY,742.31,58039442.0,10960591.0,47078851.0,2249835353.0,58931497.0,2190903856.0,240,1244
2026-05-14 07:44:54,07:44:54,SPY,742.31,58039442.0,10960591.0,47078851.0,2249835353.0,58931497.0,2190903856.0,240,1244
2026-05-14 07:45:09,07:45:09,SPY,742.31,58039442.0,10960591.0,47078851.0,2249835353.0,58931497.0,2190903856.0,240,1244
2026-05-14 07:45:24,07:45:24,SPY,742.31,58039442.0,10960591.0,47078851.0,2249835353.0,58931497.0,2190903856.0,240,1244
2026-05-14 07:45:39,07:45:39,SPY,742.31,58039442.0,10960591.0,47078851.0,2249835353.0,58931497.0,2190903856.0,240,1244
2026-05-14 07:45:54,07:45:54,SPY,742.31,58039442.0,10960591.0,47078851.0,2249835353.0,58931497.0,2190903856.0,240,1244
2026-05-14 07:46:10,07:46:10,SPY,742.31,58039442.0,10960591.0,47078851.0,2249835353.0,58931497.0,2190903856.0,240,1244
2026-05-14 07:46:26,07:46:26,SPY,742.31,58039442.0,10960591.0,47078851.0,2249835353.0,58931497.0,2190903856.0,240,1244
2026-05-14 07:46:40,07:46:40,SPY,742.31,58039442.0,10960591.0,47078851.0,2249835353.0,58931497.0,2190903856.0,240,1244
2026-05-14 07:46:55,07:46:55,SPY,742.31,58039442.0,10960591.0,47078851.0,2249835353.0,58931497.0,2190903856.0,240,1244
2026-05-14 07:47:10,07:47:10,SPY,742.31,58039442.0,10960591.0,47078851.0,2249835353.0,58931497.0,2190903856.0,240,1244
2026-05-14 07:47:25,07:47:25,SPY,742.31,58039442.0,10960591.0,47078851.0,2249835353.0,58931497.0,2190903856.0,240,1244
2026-05-14 07:47:39,07:47:39,SPY,742.31,58039442.0,10960591.0,47078851.0,2249835353.0,58931497.0,2190903856.0,240,1244
2026-05-14 07:47:55,07:47:55,SPY,742.31,58039442.0,10960591.0,47078851.0,2249835353.0,58931497.0,2190903856.0,240,1244
2026-05-14 07:48:10,07:48:10,SPY,742.31,58039442.0,10960591.0,47078851.0,2249835353.0,58931497.0,2190903856.0,240,1244
2026-05-14 07:48:25,07:48:25,SPY,742.31,58039442.0,10960591.0,47078851.0,2249835353.0,58931497.0,2190903856.0,240,1244
2026-05-14 07:48:40,07:48:40,SPY,742.31,58039442.0,10960591.0,47078851.0,2249835353.0,58931497.0,2190903856.0,240,1244
2026-05-14 07:48:55,07:48:55,SPY,742.31,58039442.0,10960591.0,47078851.0,2249835353.0,58931497.0,2190903856.0,240,1244
2026-05-14 07:49:10,07:49:10,SPY,742.31,58039442.0,10960591.0,47078851.0,2249835353.0,58931497.0,2190903856.0,240,1244
2026-05-14 07:49:25,07:49:25,SPY,742.31,58039442.0,10960591.0,47078851.0,2249835353.0,58931497.0,2190903856.0,240,1244
2026-05-14 07:49:40,07:49:40,SPY,742.31,58039442.0,10960591.0,47078851.0,2249835353.0,58931497.0,2190903856.0,240,1244
2026-05-14 07:49:55,07:49:55,SPY,742.31,58039442.0,10960591.0,47078851.0,2249835353.0,58931497.0,2190903856.0,240,1244
2026-05-14 07:50:10,07:50:10,SPY,742.31,58039442.0,10960591.0,47078851.0,2249835353.0,58931497.0,2190903856.0,240,1244
2026-05-14 07:50:25,07:50:25,SPY,742.31,58039442.0,10960591.0,47078851.0,2249835353.0,58931497.0,2190903856.0,240,1244
2026-05-14 07:50:40,07:50:40,SPY,742.31,58039442.0,10960591.0,47078851.0,2249835353.0,58931497.0,2190903856.0,240,1244
2026-05-14 07:50:55,07:50:55,SPY,742.31,58039442.0,10960591.0,47078851.0,2249835353.0,58931497.0,2190903856.0,240,1244
2026-05-14 07:51:10,07:51:10,SPY,742.31,58039442.0,10960591.0,47078851.0,2249835353.0,58931497.0,2190903856.0,240,1244
2026-05-14 07:51:25,07:51:25,SPY,742.31,58039442.0,10960591.0,47078851.0,2249835353.0,58931497.0,2190903856.0,240,1244
2026-05-14 07:51:40,07:51:40,SPY,742.31,58039442.0,10960591.0,47078851.0,2249835353.0,58931497.0,2190903856.0,240,1244
2026-05-14 07:51:55,07:51:55,SPY,742.31,58039442.0,10960591.0,47078851.0,2249835353.0,58931497.0,2190903856.0,240,1244
2026-05-14 07:52:10,07:52:10,SPY,742.31,58039442.0,10960591.0,47078851.0,2249835353.0,58931497.0,2190903856.0,240,1244
2026-05-14 07:52:25,07:52:25,SPY,742.31,58039442.0,10960591.0,47078851.0,2249835353.0,58931497.0,2190903856.0,240,1244
2026-05-14 07:52:40,07:52:40,SPY,742.31,58039442.0,10960591.0,47078851.0,2249835353.0,58931497.0,2190903856.0,240,1244
2026-05-14 07:52:56,07:52:56,SPY,742.31,58039442.0,10960591.0,47078851.0,2249835353.0,58931497.0,2190903856.0,240,1244
2026-05-14 07:53:11,07:53:11,SPY,742.31,58039442.0,10960591.0,47078851.0,2249835353.0,58931497.0,2190903856.0,240,1244
2026-05-14 07:53:27,07:53:27,SPY,742.31,58039442.0,10960591.0,47078851.0,2249835353.0,58931497.0,2190903856.0,240,1244
2026-05-14 07:53:42,07:53:42,SPY,742.31,58039442.0,10960591.0,47078851.0,2249835353.0,58931497.0,2190903856.0,240,1244
2026-05-14 07:54:00,07:54:00,SPY,742.31,58039442.0,10960591.0,47078851.0,2249835353.0,58931497.0,2190903856.0,240,1244
2026-05-14 07:55:00,07:55:00,SPY,742.31,58039442.0,10960591.0,47078851.0,2249835353.0,58931497.0,2190903856.0,240,1244
2026-05-14 07:56:00,07:56:00,SPY,742.31,58039442.0,10960591.0,47078851.0,2249835353.0,58931497.0,2190903856.0,240,1244
2026-05-14 07:56:59,07:56:59,SPY,742.31,58039442.0,10960591.0,47078851.0,2249835353.0,58931497.0,2190903856.0,240,1244
2026-05-14 07:57:59,07:57:59,SPY,742.31,58039442.0,10960591.0,47078851.0,2249835353.0,58931497.0,2190903856.0,240,1244
2026-05-14 07:58:59,07:58:59,SPY,742.31,58039442.0,10960591.0,47078851.0,2249835353.0,58931497.0,2190903856.0,240,1244
2026-05-14 08:00:00,08:00:00,SPY,742.31,58039442.0,10960591.0,47078851.0,2249835353.0,58931497.0,2190903856.0,240,1244
2026-05-14 08:01:00,08:01:00,SPY,742.31,58039442.0,10960591.0,47078851.0,2249835353.0,58931497.0,2190903856.0,240,1244
2026-05-14 08:01:11,08:01:11,SPY,742.31,58039442.0,10960591.0,47078851.0,2249835353.0,58931497.0,2190903856.0,240,1244
2026-05-14 08:01:26,08:01:26,SPY,742.31,58039442.0,10960591.0,47078851.0,2249835353.0,58931497.0,2190903856.0,240,1244
2026-05-14 08:01:41,08:01:41,SPY,742.31,58039442.0,10960591.0,47078851.0,2249835353.0,58931497.0,2190903856.0,240,1244
2026-05-14 08:01:56,08:01:56,SPY,742.31,58039442.0,10960591.0,47078851.0,2249835353.0,58931497.0,2190903856.0,240,1244
2026-05-14 08:32:53,08:32:53,SPY,744.75,25242884.0,4843916.0,20398968.0,1259050056.0,10832954.0,1248217102.0,240,1240
2026-05-14 08:33:02,08:33:02,SPY,744.665,25109232.0,5028217.0,20081015.0,1259325343.0,11068248.0,1248257095.0,240,1240
2026-05-14 08:33:03,08:33:03,SPY,744.665,25191540.0,5014237.0,20177303.0,1259345338.0,11094667.0,1248250671.0,240,1240
2026-05-14 08:33:16,08:33:16,SPY,744.805,25876659.0,5019787.0,20856872.0,1154395278.0,11058304.0,1143336974.0,240,1240
2026-05-14 08:33:31,08:33:31,SPY,744.59,26078407.0,5494633.0,20583774.0,1144224870.0,11746619.0,1132478251.0,240,1240
2026-05-14 08:33:46,08:33:46,SPY,744.66,26335113.0,5694989.0,20640124.0,1144958196.0,12068699.0,1132889497.0,240,1240
2026-05-14 08:34:01,08:34:01,SPY,744.49,25891842.0,6214873.0,19676969.0,1144785352.0,12743811.0,1132041541.0,240,1240
2026-05-14 08:34:17,08:34:17,SPY,744.37,26064396.0,6710820.0,19353576.0,1145496940.0,13456084.0,1132040856.0,240,1240
2026-05-14 08:34:32,08:34:32,SPY,744.51,27032960.0,7059331.0,19973629.0,1134386239.0,13495767.0,1120890472.0,240,1240
2026-05-14 08:35:00,08:35:00,SPY,744.54,26732696.0,7416582.0,19316114.0,1135478316.0,13975379.0,1121502937.0,240,1240
2026-05-14 08:36:00,08:36:00,SPY,744.76,28977327.0,7665356.0,21311971.0,953931815.0,14673912.0,939257903.0,240,1240
2026-05-14 08:37:00,08:37:00,SPY,745.155,36945466.0,8386604.0,28558862.0,812877782.0,15925189.0,796952593.0,240,1240
2026-05-14 08:38:00,08:38:00,SPY,745.35,40401057.0,9050843.0,31350214.0,809020260.0,17108536.0,791911724.0,240,1240
2026-05-14 08:39:00,08:39:00,SPY,745.335,42261662.0,10012791.0,32248871.0,799870594.0,18494264.0,781376330.0,240,1240
2026-05-14 08:40:00,08:40:00,SPY,745.465,46034609.0,10686058.0,35348551.0,797229473.0,19236651.0,777992822.0,240,1240
2026-05-14 08:41:00,08:41:00,SPY,745.51,47941831.0,11646859.0,36294972.0,789910420.0,20871806.0,769038614.0,240,1240
2026-05-14 08:41:59,08:41:59,SPY,745.6,49750781.0,11818348.0,37932433.0,793469491.0,21651864.0,771817627.0,240,1240
2026-05-14 08:43:00,08:43:00,SPY,745.34,47690165.0,13155276.0,34534889.0,714313068.0,23669011.0,690644057.0,240,1240
2026-05-14 08:44:00,08:44:00,SPY,745.44,51901193.0,14423970.0,37477223.0,664715866.0,25601637.0,639114229.0,240,1240
2026-05-14 08:45:01,08:45:01,SPY,745.545,55707299.0,14628195.0,41079104.0,557145406.0,26132440.0,531012966.0,240,1240
2026-05-14 08:46:00,08:46:00,SPY,745.59,57936842.0,15514416.0,42422426.0,560850679.0,27247390.0,533603289.0,240,1240
2026-05-14 08:47:00,08:47:00,SPY,745.3632,56176458.0,18020434.0,38156024.0,560153862.0,30929843.0,529224019.0,240,1240
2026-05-14 08:48:00,08:48:00,SPY,745.68,64264266.0,18278284.0,45985982.0,561328293.0,31535604.0,529792689.0,240,1240
2026-05-14 08:49:00,08:49:00,SPY,745.61,63852190.0,19470759.0,44381431.0,562931315.0,33504290.0,529427025.0,240,1240
2026-05-14 08:50:00,08:50:00,SPY,745.4025,61987177.0,22395731.0,39591446.0,553457567.0,37668662.0,515788905.0,240,1240
2026-05-14 08:51:00,08:51:00,SPY,745.33,62067633.0,24676521.0,37391112.0,569805639.0,40735946.0,529069693.0,240,1240
2026-05-14 08:52:00,08:52:00,SPY,745.425,82127135.0,25200618.0,56926517.0,591104890.0,41849881.0,549255009.0,240,1240
2026-05-14 08:53:00,08:53:00,SPY,745.245,77994609.0,27505902.0,50488707.0,586900841.0,45249903.0,541650938.0,240,1240
2026-05-14 08:54:00,08:54:00,SPY,744.93,74294676.0,33271858.0,41022818.0,584084819.0,53065479.0,531019340.0,240,1240
2026-05-14 08:55:01,08:55:01,SPY,745.4299,86901742.0,29716909.0,57184833.0,602716337.0,48296766.0,554419571.0,240,1240
2026-05-14 08:56:00,08:56:00,SPY,745.17,84430346.0,31778873.0,52651473.0,592078665.0,51153586.0,540925079.0,240,1240
2026-05-14 08:57:01,08:57:01,SPY,745.21,85597317.0,32601236.0,52996081.0,594498416.0,52119750.0,542378666.0,240,1240
2026-05-14 08:58:01,08:58:01,SPY,744.69,75913437.0,40899198.0,35014239.0,579856321.0,65255145.0,514601176.0,240,1240
2026-05-14 08:59:02,08:59:02,SPY,744.8,82032190.0,41709488.0,40322702.0,566900639.0,64793550.0,502107089.0,240,1240
2026-05-14 09:00:00,09:00:00,SPY,745.23,92166049.0,37354941.0,54811108.0,581791416.0,60056742.0,521734674.0,240,1240
2026-05-14 09:01:00,09:01:00,SPY,745.2251,94469153.0,38109783.0,56359370.0,571767710.0,61075544.0,510692166.0,240,1240
2026-05-14 09:02:00,09:02:00,SPY,745.08,91786783.0,41019064.0,50767719.0,570893093.0,64568255.0,506324838.0,240,1240
2026-05-14 09:03:00,09:03:00,SPY,745.22,96722838.0,39089671.0,57633167.0,577522775.0,62764727.0,514758048.0,240,1240
2026-05-14 09:04:00,09:04:00,SPY,745.2806,99851739.0,38826890.0,61024849.0,585564216.0,61433981.0,524130235.0,240,1240
2026-05-14 09:05:00,09:05:00,SPY,745.396,102857785.0,38047689.0,64810096.0,588459325.0,61612241.0,526847084.0,240,1240
2026-05-14 09:06:00,09:06:00,SPY,745.37,103453029.0,38784433.0,64668596.0,591361099.0,62610295.0,528750804.0,240,1240
2026-05-14 09:07:00,09:07:00,SPY,744.87,93054093.0,48184427.0,44869666.0,516420738.0,74568433.0,441852305.0,240,1240
2026-05-14 09:08:00,09:08:00,SPY,745.18,100669811.0,43304273.0,57365538.0,527372618.0,69053985.0,458318633.0,240,1240
2026-05-14 09:09:00,09:09:00,SPY,745.19,100898420.0,43464585.0,57433835.0,528977289.0,68996190.0,459981099.0,240,1240
2026-05-14 09:10:00,09:10:00,SPY,745.03,97503934.0,46705751.0,50798183.0,525698334.0,73061840.0,452636494.0,240,1240
2026-05-14 09:11:00,09:11:00,SPY,745.35,104731045.0,41690042.0,63041003.0,518040743.0,67023203.0,451017540.0,240,1240
2026-05-14 09:12:00,09:12:00,SPY,745.5,112040173.0,39506659.0,72533514.0,527872826.0,65036876.0,462835950.0,240,1240
2026-05-14 09:13:01,09:13:01,SPY,745.51,113315130.0,40311107.0,73004023.0,531443106.0,65886015.0,465557091.0,240,1240
2026-05-14 09:14:01,09:14:01,SPY,745.64,118596723.0,39041469.0,79555254.0,541839784.0,64597343.0,477242441.0,240,1240
2026-05-14 09:15:00,09:15:00,SPY,745.73,121028774.0,37568507.0,83460267.0,523593852.0,63307806.0,460286046.0,240,1240
2026-05-14 09:16:00,09:16:00,SPY,745.805,124726040.0,37235633.0,87490407.0,529434170.0,62784997.0,466649173.0,240,1240
2026-05-14 09:17:00,09:17:00,SPY,745.87,130824810.0,37215326.0,93609484.0,538216975.0,63232049.0,474984926.0,240,1240
2026-05-14 09:18:00,09:18:00,SPY,746.1,140435618.0,34696875.0,105738743.0,552080013.0,61685729.0,490394284.0,240,1238
2026-05-14 09:19:01,09:19:01,SPY,746.28,152807545.0,33080934.0,119726611.0,569456732.0,59782945.0,509673787.0,240,1238
2026-05-14 09:20:01,09:20:01,SPY,746.21,147458000.0,34246191.0,113211809.0,564029783.0,61744602.0,502285181.0,240,1238
2026-05-14 09:21:00,09:21:00,SPY,746.3125,155580130.0,33564872.0,122015258.0,575990651.0,60979098.0,515011553.0,240,1238
2026-05-14 09:22:00,09:22:00,SPY,746.19,152026297.0,35724316.0,116301981.0,572059798.0,64006349.0,508053449.0,240,1238
2026-05-14 09:23:00,09:23:00,SPY,745.8901,141158800.0,40587375.0,100571425.0,559620995.0,70276211.0,489344784.0,240,1240
2026-05-14 09:24:00,09:24:00,SPY,745.8,138798162.0,44351662.0,94446500.0,557416766.0,75364296.0,482052470.0,240,1240
2026-05-14 09:25:00,09:25:00,SPY,745.75,138620812.0,46537156.0,92083656.0,559823448.0,77745078.0,482078370.0,240,1240
2026-05-14 09:26:00,09:26:00,SPY,745.675,137829618.0,47488612.0,90341006.0,557940280.0,78941419.0,478998861.0,240,1240
2026-05-14 09:26:57,09:26:57,SPY,745.56,134989137.0,51032487.0,83956650.0,556283684.0,83447582.0,472836102.0,240,1240
2026-05-14 09:27:03,09:27:03,SPY,745.66,137310406.0,50073243.0,87237163.0,557607064.0,83451709.0,474155355.0,240,1240
2026-05-14 09:27:18,09:27:18,SPY,745.69,139536382.0,49553761.0,89982621.0,560711079.0,82269341.0,478441738.0,240,1240
2026-05-14 09:27:33,09:27:33,SPY,745.625,136684268.0,49970809.0,86713459.0,557906153.0,82900392.0,475005761.0,240,1240
2026-05-14 09:27:48,09:27:48,SPY,745.6691,137115946.0,49912024.0,87203922.0,560144047.0,82577037.0,477567010.0,240,1240
2026-05-14 09:28:02,09:28:02,SPY,745.86,145310455.0,45977344.0,99333111.0,570232620.0,78359927.0,491872693.0,240,1240
2026-05-14 09:28:22,09:28:22,SPY,745.92,148573031.0,46188947.0,102384084.0,575179653.0,78152698.0,497026955.0,240,1240
2026-05-14 09:29:05,09:29:05,SPY,745.92,151164149.0,46036874.0,105127275.0,580339431.0,78153883.0,502185548.0,240,1240
2026-05-14 09:30:01,09:30:01,SPY,745.99,153921359.0,44715599.0,109205760.0,585238483.0,76922646.0,508315837.0,240,1240
2026-05-14 09:31:01,09:31:01,SPY,745.875,150335545.0,47322055.0,103013490.0,582055745.0,80212896.0,501842849.0,240,1240
2026-05-14 09:32:00,09:32:00,SPY,745.82,147567603.0,48345272.0,99222331.0,580361961.0,81128745.0,499233216.0,240,1240
2026-05-14 09:33:01,09:33:01,SPY,745.89,152608180.0,47849099.0,104759081.0,587346245.0,81071683.0,506274562.0,240,1240
2026-05-14 09:34:00,09:34:00,SPY,745.82,150040090.0,49018423.0,101021667.0,585216074.0,82603855.0,502612219.0,240,1240
2026-05-14 09:35:01,09:35:01,SPY,746.16,164525178.0,43915346.0,120609832.0,605873812.0,76629166.0,529244646.0,240,1238
2026-05-14 09:36:01,09:36:01,SPY,746.24,168222455.0,42058788.0,126163667.0,611345867.0,74458653.0,536887214.0,240,1238
2026-05-14 09:37:00,09:37:00,SPY,746.44,176178691.0,38152386.0,138026305.0,625282926.0,70089530.0,555193396.0,240,1238
2026-05-14 09:38:01,09:38:01,SPY,746.49,179787615.0,37123839.0,142663776.0,607254014.0,68676559.0,538577455.0,240,1238
2026-05-14 09:39:00,09:39:00,SPY,746.75,193183008.0,33963507.0,159219501.0,621819087.0,64623644.0,557195443.0,240,1238
2026-05-14 09:40:01,09:40:01,SPY,746.785,197382748.0,33453205.0,163929543.0,629791856.0,64440006.0,565351850.0,240,1238
2026-05-14 09:41:01,09:41:01,SPY,746.89,203316504.0,32989355.0,170327149.0,634316259.0,64785909.0,569530350.0,240,1238
2026-05-14 09:42:01,09:42:01,SPY,746.87,204494577.0,33094524.0,171400053.0,642108677.0,64192595.0,577916082.0,240,1238
2026-05-14 09:43:00,09:43:00,SPY,746.92,209373527.0,32489609.0,176883918.0,648395519.0,63634678.0,584760841.0,240,1238
2026-05-14 09:44:01,09:44:01,SPY,747.135,225706699.0,31418965.0,194287734.0,672168546.0,62541343.0,609627203.0,240,1236
2026-05-14 09:45:00,09:45:00,SPY,747.19,230157877.0,31042614.0,199115263.0,679641184.0,62232210.0,617408974.0,240,1236
2026-05-14 09:46:01,09:46:01,SPY,747.18,232737656.0,33307742.0,199429914.0,687296222.0,65083218.0,622213004.0,240,1236
2026-05-14 09:47:00,09:47:00,SPY,747.16,232853305.0,33045948.0,199807357.0,687586566.0,65505544.0,622081022.0,240,1236
2026-05-14 09:48:00,09:48:00,SPY,747.08,228673197.0,34926830.0,193746367.0,686212497.0,67689072.0,618523425.0,240,1236
2026-05-14 09:49:01,09:49:01,SPY,747.5,261968440.0,30929274.0,231039166.0,728780213.0,62979030.0,665801183.0,240,1236
2026-05-14 09:50:01,09:50:01,SPY,747.42,256934707.0,32597866.0,224336841.0,725639691.0,64678395.0,660961296.0,240,1236
2026-05-14 09:51:00,09:51:00,SPY,747.27,248158787.0,35605744.0,212553043.0,711064861.0,69025548.0,642039313.0,240,1236
2026-05-14 09:52:00,09:52:00,SPY,747.34,252851159.0,35626505.0,217224654.0,718168427.0,69162014.0,649006413.0,240,1236
2026-05-14 09:53:00,09:53:00,SPY,747.08,236914378.0,38763406.0,198150972.0,700582640.0,73397821.0,627184819.0,240,1236
2026-05-14 09:54:00,09:54:00,SPY,747.5,269906969.0,34699158.0,235207811.0,737916383.0,68214057.0,669702326.0,240,1236
2026-05-14 09:55:00,09:55:00,SPY,747.3501,257281380.0,36383656.0,220897724.0,685779881.0,70345843.0,615434038.0,240,1236
2026-05-14 09:56:00,09:56:00,SPY,747.43,267191671.0,34637320.0,232554351.0,700674529.0,68704116.0,631970413.0,240,1236
2026-05-14 09:57:00,09:57:00,SPY,747.465,267674295.0,35058114.0,232616181.0,703183192.0,69530910.0,633652282.0,240,1236
2026-05-14 09:58:00,09:58:00,SPY,747.18,245632819.0,39269796.0,206363023.0,674412191.0,75889640.0,598522551.0,240,1236
2026-05-14 09:59:01,09:59:01,SPY,747.3,257231631.0,38117996.0,219113635.0,691138879.0,74253471.0,616885408.0,240,1236
2026-05-14 10:00:01,10:00:01,SPY,747.456,271593514.0,36585219.0,235008295.0,710061014.0,72391904.0,637669110.0,240,1236
2026-05-14 10:01:00,10:01:00,SPY,747.75,295119318.0,33376798.0,261742520.0,741066681.0,68743769.0,672322912.0,240,1236
2026-05-14 10:02:00,10:02:00,SPY,747.71,295474157.0,33875294.0,261598863.0,741577497.0,69905003.0,671672494.0,240,1236
2026-05-14 10:03:00,10:03:00,SPY,747.695,296612100.0,35810080.0,260802020.0,743280018.0,72517906.0,670762112.0,240,1236
2026-05-14 10:04:00,10:04:00,SPY,747.64,303939803.0,36171906.0,267767897.0,754644189.0,72576333.0,682067856.0,240,1236
2026-05-14 10:05:01,10:05:01,SPY,747.7309,301076872.0,36843606.0,264233266.0,753785113.0,74107709.0,679677404.0,240,1236
2026-05-14 10:06:00,10:06:00,SPY,747.7099,297159780.0,37067512.0,260092268.0,738385802.0,74515317.0,663870485.0,240,1236
2026-05-14 10:07:00,10:07:00,SPY,747.81,307069285.0,36317822.0,270751463.0,752612647.0,73648913.0,678963734.0,240,1236
2026-05-14 10:08:00,10:08:00,SPY,747.74,301814793.0,37253634.0,264561159.0,747249058.0,74813384.0,672435674.0,240,1236
2026-05-14 10:09:01,10:09:01,SPY,747.87,315794826.0,35433572.0,280361254.0,766118574.0,73142041.0,692976533.0,240,1236
2026-05-14 10:10:00,10:10:00,SPY,747.87,312181210.0,35663329.0,276517881.0,762552174.0,74061821.0,688490353.0,240,1236
2026-05-14 10:11:00,10:11:00,SPY,747.82,309216286.0,36425226.0,272791060.0,759912143.0,75542541.0,684369602.0,240,1236
2026-05-14 10:12:00,10:12:00,SPY,747.91,314739439.0,35029789.0,279709650.0,767352487.0,74095620.0,693256867.0,240,1236
2026-05-14 10:13:01,10:13:01,SPY,747.9454,321870198.0,34412289.0,287457909.0,776091594.0,73467847.0,702623747.0,240,1236
2026-05-14 10:14:00,10:14:00,SPY,748.11,338193320.0,31551576.0,306641744.0,799851339.0,70100996.0,729750343.0,240,1234
2026-05-14 10:15:01,10:15:01,SPY,748.3,355987132.0,30417404.0,325569728.0,806570049.0,69046053.0,737523996.0,240,1234
2026-05-14 10:16:00,10:16:00,SPY,748.35,361270094.0,31297611.0,329972483.0,812155761.0,70656803.0,741498958.0,240,1234
2026-05-14 10:17:00,10:17:00,SPY,748.5401,388834307.0,30226839.0,358607468.0,845119604.0,69143498.0,775976106.0,240,1234
2026-05-14 10:18:01,10:18:01,SPY,748.445,377929211.0,31469036.0,346460175.0,833076358.0,70542354.0,762534004.0,240,1234
2026-05-14 10:19:01,10:19:01,SPY,748.67,405894090.0,29686626.0,376207464.0,869849546.0,68259239.0,801590307.0,240,1234
2026-05-14 10:20:00,10:20:00,SPY,748.535,391878650.0,34098729.0,357779921.0,854365635.0,73820563.0,780545072.0,240,1234
2026-05-14 10:21:00,10:21:00,SPY,748.45,384480919.0,36600027.0,347880892.0,846660274.0,77045865.0,769614409.0,240,1234
2026-05-14 10:22:00,10:22:00,SPY,748.46,387610726.0,36759810.0,350850916.0,850085118.0,77435784.0,772649334.0,240,1234
2026-05-14 10:23:00,10:23:00,SPY,748.5,393145435.0,36683298.0,356462137.0,857858479.0,77437825.0,780420654.0,240,1234
2026-05-14 10:24:00,10:24:00,SPY,748.56,401946161.0,35561705.0,366384456.0,869665534.0,76181110.0,793484424.0,240,1234
2026-05-14 10:25:00,10:25:00,SPY,748.7095,417403671.0,34332636.0,383071035.0,895101803.0,74411816.0,820689987.0,240,1234
2026-05-14 10:26:01,10:26:01,SPY,748.76,422196726.0,33726889.0,388469837.0,899660247.0,74001535.0,825658712.0,240,1234
2026-05-14 10:27:00,10:27:00,SPY,748.77,425520571.0,33954878.0,391565693.0,905283345.0,74382069.0,830901276.0,240,1234
2026-05-14 10:28:02,10:28:02,SPY,748.5701,406597448.0,36866949.0,369730499.0,884426410.0,78091556.0,806334854.0,240,1234
2026-05-14 10:29:00,10:29:00,SPY,748.74,421335853.0,35799588.0,385536265.0,902658568.0,77155658.0,825502910.0,240,1234
2026-05-14 10:30:04,10:30:04,SPY,748.71,420312548.0,36411287.0,383901261.0,902380826.0,77723466.0,824657360.0,240,1234
2026-05-14 10:31:00,10:31:00,SPY,748.73,422340565.0,36205229.0,386135336.0,907437862.0,77972652.0,829465210.0,240,1234
2026-05-14 10:32:01,10:32:01,SPY,748.8,431701138.0,35687103.0,396014035.0,918742644.0,77498972.0,841243672.0,240,1234
2026-05-14 10:33:00,10:33:00,SPY,748.59,407468314.0,38116310.0,369352004.0,890170196.0,80746598.0,809423598.0,240,1234
2026-05-14 10:34:00,10:34:00,SPY,748.49,398370969.0,39032106.0,359338863.0,883751464.0,81702601.0,802048863.0,240,1234
2026-05-14 10:35:00,10:35:00,SPY,748.64,413358764.0,37744231.0,375614533.0,897482235.0,80902129.0,816580106.0,240,1234
2026-05-14 10:36:00,10:36:00,SPY,748.61,411807468.0,38042586.0,373764882.0,897163765.0,81481478.0,815682287.0,240,1234
2026-05-14 10:37:00,10:37:00,SPY,748.33,376932476.0,42366779.0,334565697.0,861720113.0,86608716.0,775111397.0,240,1234
2026-05-14 10:38:00,10:38:00,SPY,748.43,389774832.0,42090679.0,347684153.0,873104768.0,86730666.0,786374102.0,240,1234
2026-05-14 10:39:00,10:39:00,SPY,748.49,399044205.0,40732665.0,358311540.0,884371959.0,85029016.0,799342943.0,240,1234
2026-05-14 10:40:01,10:40:01,SPY,748.6,410802517.0,40053250.0,370749267.0,900529211.0,84762529.0,815766682.0,240,1234
2026-05-14 10:41:00,10:41:00,SPY,748.73,423690053.0,37950279.0,385739774.0,917653668.0,82553002.0,835100666.0,240,1234
2026-05-14 10:41:05,10:41:05,SPY,748.73,425726486.0,37408154.0,388318332.0,918912096.0,82482755.0,836429341.0,240,1234
2026-05-14 10:42:00,10:42:00,SPY,748.7701,433464442.0,37440058.0,396024384.0,930030630.0,82338320.0,847692310.0,240,1234
2026-05-14 10:42:03,10:42:03,SPY,748.77,434193174.0,37364222.0,396828952.0,930915173.0,82410741.0,848504432.0,240,1234
2026-05-14 10:43:00,10:43:00,SPY,748.69,421835708.0,38202281.0,383633427.0,915273126.0,84926357.0,830346769.0,240,1234
2026-05-14 10:44:00,10:44:00,SPY,748.73,426875209.0,38477576.0,388397633.0,924574596.0,84610550.0,839964046.0,240,1234
2026-05-14 10:45:01,10:45:01,SPY,748.72,425406296.0,38472440.0,386933856.0,923714494.0,85219384.0,838495110.0,240,1234
2026-05-14 10:46:01,10:46:01,SPY,748.65,418062852.0,40655681.0,377407171.0,913781557.0,88228245.0,825553312.0,240,1234
2026-05-14 10:47:00,10:47:00,SPY,748.75,430099891.0,38566611.0,391533280.0,928701539.0,85955394.0,842746145.0,240,1234
2026-05-14 10:48:01,10:48:01,SPY,748.71,426348167.0,39494527.0,386853640.0,925377757.0,86805671.0,838572086.0,240,1234
2026-05-14 10:48:02,10:48:02,SPY,748.7101,426349308.0,39332019.0,387017289.0,926037551.0,86804524.0,839233027.0,240,1234
2026-05-14 10:48:32,10:48:32,SPY,748.725,430938086.0,38685495.0,392252591.0,928741239.0,86095233.0,842646006.0,240,1234
2026-05-14 10:48:46,10:48:46,SPY,748.65,419771074.0,39974526.0,379796548.0,919008656.0,87594138.0,831414518.0,240,1234
2026-05-14 10:49:01,10:49:01,SPY,748.74,425380858.0,39057710.0,386323148.0,925526065.0,86847111.0,838678954.0,240,1234
2026-05-14 10:49:16,10:49:16,SPY,748.73,428197426.0,38953901.0,389243525.0,927990813.0,86527424.0,841463389.0,240,1234
2026-05-14 10:49:31,10:49:31,SPY,748.76,427894358.0,38681480.0,389212878.0,928440888.0,86185801.0,842255087.0,240,1234
2026-05-14 10:49:46,10:49:46,SPY,748.72,426558462.0,39243253.0,387315209.0,925331685.0,87042432.0,838289253.0,240,1234
2026-05-14 10:50:01,10:50:01,SPY,748.755,429900070.0,39063685.0,390836385.0,929707282.0,86649315.0,843057967.0,240,1234
2026-05-14 10:51:00,10:51:00,SPY,748.8,434702391.0,38636916.0,396065475.0,936176301.0,85997441.0,850178860.0,240,1234
2026-05-14 10:52:00,10:52:00,SPY,748.7113,426830345.0,39209038.0,387621307.0,928701669.0,87418487.0,841283182.0,240,1234
2026-05-14 10:53:00,10:53:00,SPY,748.68,422555817.0,40373166.0,382182651.0,924405818.0,88611943.0,835793875.0,240,1234
2026-05-14 10:54:00,10:54:00,SPY,748.85,438789130.0,37134888.0,401654242.0,946588043.0,84725269.0,861862774.0,240,1234
2026-05-14 10:55:00,10:55:00,SPY,749.09,471700873.0,32209903.0,439490970.0,982719258.0,79617633.0,903101625.0,240,1232
2026-05-14 10:56:00,10:56:00,SPY,749.22,484612100.0,29711604.0,454900496.0,1002996541.0,76152527.0,926844014.0,240,1232
2026-05-14 10:57:00,10:57:00,SPY,749.275,494367584.0,30132475.0,464235109.0,1013938102.0,76511961.0,937426141.0,240,1232
2026-05-14 10:58:00,10:58:00,SPY,749.23,491918322.0,31250576.0,460667746.0,1010194599.0,78128241.0,932066358.0,240,1232
2026-05-14 10:59:01,10:59:01,SPY,749.275,497235773.0,31411127.0,465824646.0,1024859158.0,77937167.0,946921991.0,240,1232
2026-05-14 11:00:03,11:00:03,SPY,749.295,503665593.0,31154588.0,472511005.0,1028733269.0,78267779.0,950465490.0,240,1232
2026-05-14 11:01:01,11:01:01,SPY,749.33,509082595.0,32935906.0,476146689.0,1036807412.0,80120845.0,956686567.0,240,1232
2026-05-14 11:02:00,11:02:00,SPY,749.33,513119350.0,32954820.0,480164530.0,1041214714.0,80061494.0,961153220.0,240,1232
2026-05-14 11:03:00,11:03:00,SPY,749.45,532015936.0,32270969.0,499744967.0,1062474993.0,79113070.0,983361923.0,240,1232
2026-05-14 11:04:00,11:04:00,SPY,749.44,529810151.0,32916004.0,496894147.0,1061424978.0,79566831.0,981858147.0,240,1232
2026-05-14 11:05:01,11:05:01,SPY,749.3,513056663.0,34155906.0,478900757.0,1044786197.0,81611443.0,963174754.0,240,1232
2026-05-14 11:06:00,11:06:00,SPY,749.34,515364052.0,35004600.0,480359452.0,1048317599.0,82482343.0,965835256.0,240,1232
2026-05-14 11:06:19,11:06:19,SPY,749.32,519895820.0,35138753.0,484757067.0,1051822936.0,82695836.0,969127100.0,240,1232
2026-05-14 11:06:45,11:06:45,SPY,749.345,517968486.0,34865588.0,483102898.0,1050387956.0,82814126.0,967573830.0,240,1232
2026-05-14 11:06:46,11:06:46,SPY,749.345,518254120.0,34913904.0,483340216.0,1050561181.0,82702453.0,967858728.0,240,1232
2026-05-14 11:07:02,11:07:02,SPY,749.32,515721385.0,35025641.0,480695744.0,1048854316.0,82934867.0,965919449.0,240,1232
2026-05-14 11:07:17,11:07:17,SPY,749.31,513114007.0,35425519.0,477688488.0,1045450182.0,83604723.0,961845459.0,240,1232
2026-05-14 11:07:31,11:07:31,SPY,749.26,509165068.0,35874123.0,473290945.0,1039344487.0,84276541.0,955067946.0,240,1232
2026-05-14 11:07:47,11:07:47,SPY,749.2,498205371.0,37406483.0,460798888.0,1027490929.0,85954321.0,941536608.0,240,1232
2026-05-14 11:08:02,11:08:02,SPY,749.24,505222033.0,37353822.0,467868211.0,1033876811.0,86273400.0,947603411.0,240,1232
2026-05-14 11:08:17,11:08:17,SPY,749.21,496856141.0,38113200.0,458742941.0,1026995397.0,86711895.0,940283502.0,240,1232
2026-05-14 11:09:00,11:09:00,SPY,749.3001,512106203.0,36177160.0,475929043.0,1044797118.0,84370890.0,960426228.0,240,1232
2026-05-14 11:10:00,11:10:00,SPY,749.295,514848156.0,36404388.0,478443768.0,1047752260.0,84856037.0,962896223.0,240,1232
2026-05-14 11:11:00,11:11:00,SPY,749.255,506953612.0,36582813.0,470370799.0,1026135875.0,85069670.0,941066205.0,240,1232
2026-05-14 11:12:00,11:12:00,SPY,749.1401,493228137.0,38260519.0,454967618.0,1009779676.0,87293264.0,922486412.0,240,1232
2026-05-14 11:13:01,11:13:01,SPY,749.04,475360916.0,39888857.0,435472059.0,989776911.0,90201347.0,899575564.0,240,1232
2026-05-14 11:14:00,11:14:00,SPY,749.05,477095184.0,39753401.0,437341783.0,992947540.0,90459416.0,902488124.0,240,1232
2026-05-14 11:14:14,11:14:14,SPY,749.1,482383428.0,39259872.0,443123556.0,1000469754.0,89945939.0,910523815.0,240,1232
2026-05-14 11:14:25,11:14:25,SPY,749.095,484074444.0,39139661.0,444934783.0,1001315768.0,89710984.0,911604784.0,240,1232
2026-05-14 11:14:32,11:14:32,SPY,749.07,480159875.0,39903358.0,440256517.0,996507816.0,90625204.0,905882612.0,240,1232
2026-05-14 11:14:55,11:14:55,SPY,749.155,489857948.0,38444467.0,451413481.0,1010778138.0,88791315.0,921986823.0,240,1232
2026-05-14 11:15:11,11:15:11,SPY,749.21,501195359.0,37843201.0,463352158.0,1021520640.0,88064540.0,933456100.0,240,1232
2026-05-14 11:15:26,11:15:26,SPY,749.25,508687522.0,37096251.0,471591271.0,1032183910.0,86830714.0,945353196.0,240,1232
2026-05-14 11:15:41,11:15:41,SPY,749.32,516843771.0,36431689.0,480412082.0,1040416436.0,86611585.0,953804851.0,240,1232
2026-05-14 11:15:55,11:15:55,SPY,749.325,517604644.0,36477038.0,481127606.0,1041793508.0,86631447.0,955162061.0,240,1232
2026-05-14 11:16:10,11:16:10,SPY,749.3101,517569313.0,36719829.0,480849484.0,1041782644.0,86568581.0,955214063.0,240,1232
2026-05-14 11:16:36,11:16:36,SPY,749.2408,508818999.0,37316705.0,471502294.0,1022835066.0,87248757.0,935586309.0,240,1232
2026-05-14 11:17:00,11:17:00,SPY,749.3199,518175723.0,37027170.0,481148553.0,1033785941.0,87433238.0,946352703.0,240,1232
2026-05-14 11:18:00,11:18:00,SPY,748.99,475743619.0,42390622.0,433352997.0,985745002.0,94335907.0,891409095.0,240,1234
2026-05-14 11:18:29,11:18:29,SPY,749.07,482774652.0,42135789.0,440638863.0,993380734.0,94028651.0,899352083.0,240,1232
2026-05-14 11:18:35,11:18:35,SPY,749.06,485715081.0,42015754.0,443699327.0,996510902.0,93740034.0,902770868.0,240,1232
2026-05-14 11:18:40,11:18:40,SPY,749.11,486318594.0,41410292.0,444908302.0,996126964.0,93771438.0,902355526.0,240,1232
2026-05-14 11:18:55,11:18:55,SPY,749.1,489796164.0,42084161.0,447712003.0,1001528383.0,94094163.0,907434220.0,240,1232
2026-05-14 11:19:12,11:19:12,SPY,749.06,487370245.0,42274103.0,445096142.0,999239796.0,94219331.0,905020465.0,240,1232
2026-05-14 11:19:14,11:19:14,SPY,749.07,488435384.0,42040520.0,446394864.0,1000438950.0,94261120.0,906177830.0,240,1232
2026-05-14 11:19:29,11:19:29,SPY,749.105,492662367.0,41597428.0,451064939.0,1004404424.0,93965092.0,910439332.0,240,1232
2026-05-14 11:19:44,11:19:44,SPY,749.27,511470381.0,39017132.0,472453249.0,1028036789.0,90521209.0,937515580.0,240,1232
2026-05-14 11:20:00,11:20:00,SPY,749.315,518531465.0,37941814.0,480589651.0,1036429149.0,88821408.0,947607741.0,240,1232
2026-05-14 11:20:14,11:20:14,SPY,749.33,518891750.0,37223709.0,481668041.0,1037408935.0,88125218.0,949283717.0,240,1232
2026-05-14 11:20:30,11:20:30,SPY,749.29,516549766.0,37511176.0,479038590.0,1035721452.0,88526018.0,947195434.0,240,1232
2026-05-14 11:20:44,11:20:44,SPY,749.21,506259130.0,38823064.0,467436066.0,1022959500.0,89629521.0,933329979.0,240,1232
2026-05-14 11:21:01,11:21:01,SPY,749.1801,500683265.0,39357444.0,461325821.0,1017161674.0,90638728.0,926522946.0,240,1232
2026-05-14 11:22:00,11:22:00,SPY,749.0,479321873.0,44462638.0,434859235.0,989339420.0,98103354.0,891236066.0,240,1234
2026-05-14 11:23:00,11:23:00,SPY,748.79,448864277.0,50115304.0,398748973.0,952403858.0,105340268.0,847063590.0,240,1234
2026-05-14 11:24:00,11:24:00,SPY,748.6,424399400.0,55885864.0,368513536.0,924411480.0,112789992.0,811621488.0,240,1234
2026-05-14 11:25:01,11:25:01,SPY,748.31,391486004.0,63536653.0,327949351.0,884499550.0,123284046.0,761215504.0,240,1234
2026-05-14 11:26:00,11:26:00,SPY,748.33,392131752.0,66224636.0,325907116.0,883603637.0,127925313.0,755678324.0,240,1234
2026-05-14 11:27:00,11:27:00,SPY,748.09,373566354.0,76375505.0,297190849.0,864723865.0,139488188.0,725235677.0,240,1234
2026-05-14 11:28:01,11:28:01,SPY,747.94,360914118.0,84844338.0,276069780.0,848568211.0,152219962.0,696348249.0,240,1236
2026-05-14 11:29:01,11:29:01,SPY,748.16,385524011.0,75765891.0,309758120.0,880217225.0,143324499.0,736892726.0,240,1234
2026-05-14 11:30:01,11:30:01,SPY,748.09,380422304.0,79999383.0,300422921.0,874490600.0,148547603.0,725942997.0,240,1234
2026-05-14 11:31:00,11:31:00,SPY,748.07,374572901.0,83083588.0,291489313.0,867986849.0,152102055.0,715884794.0,240,1234
2026-05-14 11:32:00,11:32:00,SPY,747.62,323061427.0,104333640.0,218727787.0,806253368.0,179284822.0,626968546.0,240,1236
2026-05-14 11:33:00,11:33:00,SPY,747.74,333543637.0,99423218.0,234120419.0,818467521.0,173671350.0,644796171.0,240,1236
2026-05-14 11:34:00,11:34:00,SPY,747.72,341662740.0,99941718.0,241721022.0,827641741.0,174287075.0,653354666.0,240,1236
2026-05-14 11:35:01,11:35:01,SPY,747.83,353447294.0,96206433.0,257240861.0,843328300.0,169807906.0,673520394.0,240,1236
2026-05-14 11:36:01,11:36:01,SPY,747.78,349598468.0,100819129.0,248779339.0,838586155.0,175261369.0,663324786.0,240,1236
2026-05-14 11:37:00,11:37:00,SPY,747.875,359677090.0,97404788.0,262272302.0,849968395.0,171362455.0,678605940.0,240,1236
2026-05-14 11:38:01,11:38:01,SPY,748.05,383190533.0,88741989.0,294448544.0,880143441.0,160191926.0,719951515.0,240,1234
2026-05-14 11:39:01,11:39:01,SPY,748.19,398168347.0,82954557.0,315213790.0,900807482.0,154012700.0,746794782.0,240,1234
2026-05-14 11:40:00,11:40:00,SPY,748.13,387311430.0,86628441.0,300682989.0,888044731.0,158539859.0,729504872.0,240,1234
2026-05-14 12:05:48,12:05:48,SPY,747.6575,335107290.0,114618340.0,220488950.0,837135670.0,197507104.0,639628566.0,240,1236
2026-05-14 12:06:11,12:06:11,SPY,747.685,336347700.0,111512683.0,224835017.0,839792785.0,194053238.0,645739547.0,240,1236
2026-05-14 12:06:17,12:06:17,SPY,747.71,338080414.0,110870523.0,227209891.0,841233497.0,194033255.0,647200242.0,240,1236
2026-05-14 12:06:22,12:06:22,SPY,747.73,340434924.0,111156924.0,229278000.0,842502914.0,194286901.0,648216013.0,240,1236
2026-05-14 12:06:28,12:06:28,SPY,747.68,338535589.0,112078789.0,226456800.0,841322720.0,195050811.0,646271909.0,240,1236
2026-05-14 12:06:41,12:06:41,SPY,747.59,329800865.0,119102909.0,210697956.0,831983601.0,202871304.0,629112297.0,240,1236
2026-05-14 12:06:56,12:06:56,SPY,747.62,334188523.0,118108628.0,216079895.0,837741761.0,201904650.0,635837111.0,240,1236
2026-05-14 12:07:11,12:07:11,SPY,747.67,339624592.0,115276333.0,224348259.0,841075460.0,198974880.0,642100580.0,240,1236
2026-05-14 12:07:27,12:07:27,SPY,747.55,331310157.0,119485714.0,211824443.0,832068113.0,205501029.0,626567084.0,240,1236
2026-05-14 12:07:42,12:07:42,SPY,747.57,328165842.0,120619478.0,207546364.0,828428540.0,205664998.0,622763542.0,240,1236
2026-05-14 12:07:56,12:07:56,SPY,747.5687,330733014.0,119474714.0,211258300.0,831927175.0,204760099.0,627167076.0,240,1236
2026-05-14 12:08:07,12:08:07,SPY,747.54,326118432.0,122438010.0,203680422.0,828543173.0,207876810.0,620666363.0,240,1236
2026-05-14 12:08:07,12:08:07,SPY,747.54,326895262.0,122438055.0,204457207.0,828532411.0,207877167.0,620655244.0,240,1236
2026-05-14 12:08:07,12:08:07,SPY,747.54,328119424.0,122438174.0,205681250.0,828532411.0,207878117.0,620654294.0,240,1236
2026-05-14 12:08:11,12:08:11,SPY,747.552,328643022.0,122050083.0,206592939.0,823561825.0,213221036.0,610340789.0,240,1236
2026-05-14 12:08:12,12:08:12,SPY,747.55,323975890.0,127420634.0,196555256.0,821261819.0,213681798.0,607580021.0,240,1236
2026-05-14 12:08:28,12:08:28,SPY,747.28,299391328.0,140908685.0,158482643.0,797669276.0,226400479.0,571268797.0,240,1236
2026-05-14 12:08:42,12:08:42,SPY,747.27,300833916.0,141140482.0,159693434.0,796936659.0,231716212.0,565220447.0,240,1236
2026-05-14 12:08:57,12:08:57,SPY,747.4978,318540143.0,125004196.0,193535947.0,818723206.0,208768835.0,609954371.0,240,1236
2026-05-14 12:09:10,12:09:10,SPY,747.685,336500265.0,114693461.0,221806804.0,838097370.0,200838132.0,637259238.0,240,1236
2026-05-14 12:09:15,12:09:15,SPY,747.66,338101117.0,114687483.0,223413634.0,838707951.0,201245348.0,637462603.0,240,1236
2026-05-14 12:09:24,12:09:24,SPY,747.63,336000748.0,116324411.0,219676337.0,837244271.0,202209569.0,635034702.0,240,1236
2026-05-14 12:09:26,12:09:26,SPY,747.645,336596616.0,115878011.0,220718605.0,838110927.0,201898939.0,636211988.0,240,1236
2026-05-14 12:09:41,12:09:41,SPY,747.72,341728953.0,111228878.0,230500075.0,844103200.0,198145348.0,645957852.0,240,1236
2026-05-14 12:09:56,12:09:56,SPY,747.74,343410152.0,111114537.0,232295615.0,846988656.0,196018827.0,650969829.0,240,1236
2026-05-14 12:10:11,12:10:11,SPY,747.74,340710807.0,112630180.0,228080627.0,845708084.0,197147514.0,648560570.0,240,1236
2026-05-14 12:10:27,12:10:27,SPY,747.61,333517406.0,116845896.0,216671510.0,836110375.0,203070582.0,633039793.0,240,1236
2026-05-14 12:10:41,12:10:41,SPY,747.66,336169671.0,118400630.0,217769041.0,839246868.0,204014894.0,635231974.0,240,1236
2026-05-14 12:11:00,12:11:00,SPY,747.63,335549410.0,118718129.0,216831281.0,839180216.0,204590381.0,634589835.0,240,1236
2026-05-14 12:12:00,12:12:00,SPY,747.5,322211345.0,127265091.0,194946254.0,822154509.0,213622450.0,608532059.0,240,1236
2026-05-14 12:13:00,12:13:00,SPY,747.1775,293973469.0,149510857.0,144462612.0,788499980.0,240717282.0,547782698.0,240,1236
2026-05-14 12:14:01,12:14:01,SPY,746.895,268859363.0,173986374.0,94872989.0,754659131.0,272905143.0,481753988.0,240,1238
2026-05-14 12:15:00,12:15:00,SPY,746.73,254598340.0,189986763.0,64611577.0,735356339.0,292878041.0,442478298.0,240,1238
2026-05-14 12:15:43,12:15:43,SPY,746.61,241510945.0,203918132.0,37592813.0,722064631.0,307371050.0,414693581.0,240,1238
2026-05-14 12:15:56,12:15:56,SPY,746.72,247289912.0,187976150.0,59313762.0,728567519.0,294354288.0,434213231.0,240,1238
2026-05-14 12:16:11,12:16:11,SPY,746.8,252471652.0,182945993.0,69525659.0,735730394.0,288073220.0,447657174.0,240,1238
2026-05-14 12:16:27,12:16:27,SPY,746.61,242186400.0,204051232.0,38135168.0,724990083.0,305222878.0,419767205.0,240,1238
2026-05-14 12:16:41,12:16:41,SPY,746.63,246390840.0,199224501.0,47166339.0,726657079.0,306058409.0,420598670.0,240,1238
2026-05-14 12:16:57,12:16:57,SPY,746.58,245292946.0,201359293.0,43933653.0,726087110.0,303754797.0,422332313.0,240,1238
2026-05-14 12:17:13,12:17:13,SPY,746.575,241845851.0,207329614.0,34516237.0,719627190.0,316586321.0,403040869.0,240,1238
2026-05-14 12:18:01,12:18:01,SPY,746.56,238717720.0,204012140.0,34705580.0,715238076.0,312614143.0,402623933.0,240,1238
2026-05-14 12:19:01,12:19:01,SPY,746.32,236595169.0,223104004.0,13491165.0,709386851.0,335798271.0,373588580.0,240,1238
2026-05-14 12:20:01,12:20:01,SPY,746.75,254178550.0,191674106.0,62504444.0,729693438.0,302218886.0,427474552.0,240,1238
2026-05-14 12:20:11,12:20:11,SPY,746.49,238007961.0,211911908.0,26096053.0,714616976.0,321340526.0,393276450.0,240,1238
2026-05-14 12:20:27,12:20:27,SPY,746.61,243851757.0,206808384.0,37043373.0,719856838.0,316096491.0,403760347.0,240,1238
2026-05-14 12:20:41,12:20:41,SPY,746.76,256635233.0,191157204.0,65478029.0,734432950.0,299975477.0,434457473.0,240,1238
2026-05-14 12:20:56,12:20:56,SPY,746.7895,259089513.0,189223159.0,69866354.0,738450382.0,298684785.0,439765597.0,240,1238
2026-05-14 12:21:10,12:21:10,SPY,746.76,258483843.0,186460313.0,72023530.0,742880483.0,292804133.0,450076350.0,240,1238
2026-05-14 12:22:00,12:22:00,SPY,746.87,263363994.0,176075089.0,87288905.0,748454906.0,280966563.0,467488343.0,240,1238
2026-05-14 12:22:59,12:22:59,SPY,746.8,257531023.0,186802191.0,70728832.0,739757282.0,294214256.0,445543026.0,240,1238
2026-05-14 12:23:32,12:23:32,SPY,746.615,246070289.0,201181851.0,44888438.0,724973607.0,310803345.0,414170262.0,240,1238
2026-05-14 12:23:33,12:23:33,SPY,746.6,245485723.0,200720793.0,44764930.0,724487437.0,313509720.0,410977717.0,240,1238
2026-05-14 12:23:41,12:23:41,SPY,746.565,244394742.0,203735951.0,40658791.0,725291833.0,313606796.0,411685037.0,240,1238
2026-05-14 12:23:55,12:23:55,SPY,746.58,242403404.0,204130875.0,38272529.0,722494033.0,315198726.0,407295307.0,240,1238
2026-05-14 12:24:10,12:24:10,SPY,746.61,249610422.0,192574864.0,57035558.0,730430712.0,302597762.0,427832950.0,240,1238
2026-05-14 12:24:26,12:24:26,SPY,746.745,253147061.0,186412112.0,66734949.0,734019665.0,295626981.0,438392684.0,240,1238
2026-05-14 12:24:39,12:24:39,SPY,746.695,250865680.0,190527034.0,60338646.0,727018388.0,303808044.0,423210344.0,240,1238
2026-05-14 12:24:54,12:24:54,SPY,746.435,231432280.0,215415334.0,16016946.0,707588049.0,328410172.0,379177877.0,240,1238
2026-05-14 12:25:09,12:25:09,SPY,746.6,238700625.0,205533212.0,33167413.0,713312880.0,319141751.0,394171129.0,240,1238
2026-05-14 12:25:25,12:25:25,SPY,746.53,237172291.0,206770522.0,30401769.0,713245700.0,319089414.0,394156286.0,240,1238
2026-05-14 12:25:41,12:25:41,SPY,746.55,238585804.0,205291423.0,33294381.0,713599572.0,316850067.0,396749505.0,240,1238
2026-05-14 12:25:55,12:25:55,SPY,746.47,231942928.0,213085435.0,18857493.0,707089214.0,325213372.0,381875842.0,240,1238
2026-05-14 12:26:10,12:26:10,SPY,746.5,233771284.0,206241250.0,27530034.0,708933352.0,319318492.0,389614860.0,240,1238
2026-05-14 12:26:26,12:26:26,SPY,746.62,243214843.0,195972687.0,47242156.0,716586211.0,309883749.0,406702462.0,240,1238
2026-05-14 12:26:40,12:26:40,SPY,746.66,245789909.0,192413955.0,53375954.0,723807225.0,302751942.0,421055283.0,240,1238
2026-05-14 12:26:54,12:26:54,SPY,746.6099,241921677.0,199054895.0,42866782.0,718296649.0,310184791.0,408111858.0,240,1238
2026-05-14 12:27:10,12:27:10,SPY,746.7,248882349.0,191216868.0,57665481.0,726335696.0,301563381.0,424772315.0,240,1238
2026-05-14 12:27:24,12:27:24,SPY,746.64,245756959.0,194363946.0,51393013.0,724086478.0,304873723.0,419212755.0,240,1238
2026-05-14 12:27:40,12:27:40,SPY,746.72,250523544.0,186690974.0,63832570.0,730786621.0,296384835.0,434401786.0,240,1238
2026-05-14 12:27:55,12:27:55,SPY,746.72,250423565.0,185974481.0,64449084.0,730839087.0,296147173.0,434691914.0,240,1238
2026-05-14 12:28:10,12:28:10,SPY,746.8,256303727.0,179922277.0,76381450.0,740149658.0,287187631.0,452962027.0,240,1238
2026-05-14 12:28:31,12:28:31,SPY,746.732,249797128.0,182891024.0,66906104.0,730181692.0,291840237.0,438341455.0,240,1238
2026-05-14 12:28:41,12:28:41,SPY,746.85,259631324.0,173653118.0,85978206.0,740726674.0,281147159.0,459579515.0,240,1238
2026-05-14 12:28:54,12:28:54,SPY,747.0,271112869.0,165930905.0,105181964.0,752040212.0,274797434.0,477242778.0,240,1238
2026-05-14 12:29:10,12:29:10,SPY,747.15,283145864.0,153703118.0,129442746.0,774491181.0,254112345.0,520378836.0,240,1236
2026-05-14 12:29:25,12:29:25,SPY,747.175,290103704.0,148648159.0,141455545.0,790694216.0,247567011.0,543127205.0,240,1236
2026-05-14 12:29:41,12:29:41,SPY,747.28,299398151.0,140742609.0,158655542.0,802111366.0,241266585.0,560844781.0,240,1236
2026-05-14 12:29:55,12:29:55,SPY,747.235,293574022.0,142733945.0,150840077.0,794600996.0,243679625.0,550921371.0,240,1236
2026-05-14 12:30:10,12:30:10,SPY,747.23,296733992.0,141761289.0,154972703.0,798275534.0,241073183.0,557202351.0,240,1236
2026-05-14 12:30:27,12:30:27,SPY,747.3105,303566448.0,136817093.0,166749355.0,805401373.0,237171695.0,568229678.0,240,1236
2026-05-14 12:30:43,12:30:43,SPY,747.27,297400266.0,139710281.0,157689985.0,793535228.0,242026018.0,551509210.0,240,1236
2026-05-14 12:31:02,12:31:02,SPY,747.245,295399342.0,142624516.0,152774826.0,798287058.0,242312339.0,555974719.0,240,1236
2026-05-14 12:32:00,12:32:00,SPY,747.21,293333764.0,148450609.0,144883155.0,794006957.0,249715333.0,544291624.0,240,1236
2026-05-14 12:33:00,12:33:00,SPY,747.11,284156141.0,152567049.0,131589092.0,785946443.0,254838857.0,531107586.0,240,1236
2026-05-14 12:34:00,12:34:00,SPY,747.325,302060847.0,138660929.0,163399918.0,808714398.0,239520926.0,569193472.0,240,1236
2026-05-14 12:35:00,12:35:00,SPY,747.23,293219432.0,146123199.0,147096233.0,795981930.0,246465649.0,549516281.0,240,1236
2026-05-14 12:35:59,12:35:59,SPY,747.38,306771506.0,135116790.0,171654716.0,814545285.0,234260396.0,580284889.0,240,1236
2026-05-14 12:36:59,12:36:59,SPY,747.55,326036605.0,121146898.0,204889707.0,836846712.0,218289674.0,618557038.0,240,1236
2026-05-14 12:37:59,12:37:59,SPY,747.75,352778551.0,108967661.0,243810890.0,870781660.0,201789010.0,668992650.0,240,1236
2026-05-14 12:39:00,12:39:00,SPY,747.88,368187228.0,101365707.0,266821521.0,888873139.0,193534581.0,695338558.0,240,1236
2026-05-14 12:39:43,12:39:43,SPY,747.815,362617989.0,104675496.0,257942493.0,883985271.0,196226829.0,687758442.0,240,1236
2026-05-14 12:40:07,12:40:07,SPY,747.72,352320597.0,109638364.0,242682233.0,871798356.0,202856047.0,668942309.0,240,1236
2026-05-14 12:40:31,12:40:31,SPY,747.72,355057198.0,109237676.0,245819522.0,1014895874.0,202115778.0,812780096.0,342,1898
2026-05-14 12:40:44,12:40:44,SPY,747.78,360332803.0,107613916.0,252718887.0,1020617127.0,200373039.0,820244088.0,342,1898
2026-05-14 12:41:00,12:41:00,SPY,747.66,350516346.0,113271244.0,237245102.0,1007575031.0,205759436.0,801815595.0,342,1898
2026-05-14 12:41:15,12:41:15,SPY,747.74,354189163.0,110845035.0,243344128.0,1015448944.0,204656114.0,810792830.0,342,1898
2026-05-14 12:41:32,12:41:32,SPY,747.73,357509790.0,112558199.0,244951591.0,1017590541.0,206409808.0,811180733.0,342,1898
2026-05-14 12:41:47,12:41:47,SPY,747.8,363313029.0,108740242.0,254572787.0,1024753913.0,202467700.0,822286213.0,342,1898
2026-05-14 12:42:02,12:42:02,SPY,747.67,351491175.0,115380647.0,236110528.0,1009744487.0,208760178.0,800984309.0,342,1898
2026-05-14 12:42:17,12:42:17,SPY,747.65,346840435.0,116933262.0,229907173.0,1006208198.0,211219426.0,794988772.0,342,1898
2026-05-14 12:42:33,12:42:33,SPY,747.48,326806356.0,129913905.0,196892451.0,982507605.0,226518231.0,755989374.0,342,1898
2026-05-14 12:42:47,12:42:47,SPY,747.465,325108565.0,129287140.0,195821425.0,982099691.0,224793243.0,757306448.0,342,1898
2026-05-14 12:43:02,12:43:02,SPY,747.6,336869921.0,122014274.0,214855647.0,999353708.0,215399879.0,783953829.0,342,1898
2026-05-14 12:43:17,12:43:17,SPY,747.73,354588413.0,112609611.0,241978802.0,1018004202.0,207597041.0,810407161.0,342,1898
2026-05-14 12:43:34,12:43:34,SPY,747.8299,368103082.0,107253388.0,260849694.0,1034369160.0,197502034.0,836867126.0,342,1898
2026-05-14 12:43:47,12:43:47,SPY,747.92,381021185.0,101794000.0,279227185.0,1045404643.0,193710363.0,851694280.0,342,1898
2026-05-14 12:44:02,12:44:02,SPY,747.95,386202624.0,99413156.0,286789468.0,1052046954.0,190546690.0,861500264.0,342,1898
2026-05-14 12:44:17,12:44:17,SPY,747.98,386043279.0,98831636.0,287211643.0,1055150944.0,189776306.0,865374638.0,342,1898
2026-05-14 12:44:33,12:44:33,SPY,748.045,398457673.0,94304930.0,304152743.0,1068776546.0,183967417.0,884809129.0,342,1898
2026-05-14 12:44:48,12:44:48,SPY,748.0699,407049881.0,93853477.0,313196404.0,1074836204.0,183200441.0,891635763.0,342,1898
2026-05-14 12:45:02,12:45:02,SPY,748.05,405826772.0,93801381.0,312025391.0,1077321989.0,183620661.0,893701328.0,342,1898
2026-05-14 12:45:18,12:45:18,SPY,748.11,408307174.0,95040928.0,313266246.0,1083578277.0,183962822.0,899615455.0,342,1898
2026-05-14 12:45:31,12:45:31,SPY,748.11,413236111.0,93772659.0,319463452.0,1086179685.0,183055652.0,903124033.0,342,1898
2026-05-14 12:45:47,12:45:47,SPY,748.127,413810333.0,95549937.0,318260396.0,1087390098.0,185051420.0,902338678.0,342,1898
2026-05-14 12:46:02,12:46:02,SPY,748.04,403044556.0,97933969.0,305110587.0,1075874026.0,187860669.0,888013357.0,342,1898
2026-05-14 12:46:19,12:46:19,SPY,748.04,407530141.0,97301868.0,310228273.0,1083638078.0,186213171.0,897424907.0,342,1898
2026-05-14 12:46:33,12:46:33,SPY,748.13,416760371.0,94607083.0,322153288.0,1090629822.0,183438874.0,907190948.0,342,1898
2026-05-14 12:46:48,12:46:48,SPY,748.1499,420099458.0,93711056.0,326388402.0,1096177315.0,181429015.0,914748300.0,342,1898
2026-05-14 12:47:02,12:47:02,SPY,748.12,418263297.0,92805182.0,325458115.0,1095648549.0,181233413.0,914415136.0,342,1898
2026-05-14 12:47:17,12:47:17,SPY,748.18,422751857.0,91957803.0,330794054.0,1098669966.0,180688119.0,917981847.0,342,1898
2026-05-14 12:47:33,12:47:33,SPY,748.15,422088247.0,90339411.0,331748836.0,1100093247.0,178394449.0,921698798.0,342,1898
2026-05-14 12:47:48,12:47:48,SPY,748.2,426359942.0,89119677.0,337240265.0,1104617661.0,177282036.0,927335625.0,342,1898
2026-05-14 12:48:03,12:48:03,SPY,748.22,430444540.0,88358277.0,342086263.0,1108617090.0,176590401.0,932026689.0,342,1898
2026-05-14 12:48:21,12:48:21,SPY,748.16,422504705.0,90263718.0,332240987.0,1105549274.0,177591154.0,927958120.0,342,1898
2026-05-14 12:48:34,12:48:34,SPY,748.21,428222192.0,88334468.0,339887724.0,1099990429.0,176898768.0,923091661.0,342,1898
2026-05-14 12:48:49,12:48:49,SPY,748.085,415795516.0,93073655.0,322721861.0,1093363534.0,180863041.0,912500493.0,342,1898
2026-05-14 12:49:03,12:49:03,SPY,748.14,418624376.0,91633105.0,326991271.0,1097409146.0,180079549.0,917329597.0,342,1898
2026-05-14 12:49:17,12:49:17,SPY,748.15,419833340.0,91751611.0,328081729.0,1100009557.0,179528316.0,920481241.0,342,1898
2026-05-14 12:49:33,12:49:33,SPY,748.07,411006725.0,94339756.0,316666969.0,1088425286.0,182661852.0,905763434.0,342,1898
2026-05-14 12:49:48,12:49:48,SPY,748.16,417592776.0,92255972.0,325336804.0,1097230677.0,180341153.0,916889524.0,342,1898
2026-05-14 12:50:02,12:50:02,SPY,748.18,427899292.0,88921938.0,338977354.0,1106781287.0,177128586.0,929652701.0,342,1898
2026-05-14 12:50:17,12:50:17,SPY,748.2001,426606457.0,89243839.0,337362618.0,1107911420.0,176888965.0,931022455.0,342,1898
2026-05-14 12:50:33,12:50:33,SPY,748.18,422125064.0,90559415.0,331565649.0,1100614791.0,179321746.0,921293045.0,342,1898
2026-05-14 12:50:47,12:50:47,SPY,748.09,410729983.0,94007765.0,316722218.0,1090840371.0,182118955.0,908721416.0,342,1898
2026-05-14 12:51:02,12:51:02,SPY,748.11,414578648.0,93200206.0,321378442.0,1094058920.0,181815638.0,912243282.0,342,1898
2026-05-14 12:51:17,12:51:17,SPY,747.99,400529797.0,97861638.0,302668159.0,1078463271.0,187317105.0,891146166.0,342,1898
2026-05-14 12:51:33,12:51:33,SPY,748.15,418486485.0,91550093.0,326936392.0,1096532077.0,181309742.0,915222335.0,342,1898
2026-05-14 12:51:47,12:51:47,SPY,748.21,425244168.0,88086346.0,337157822.0,1105558356.0,176474098.0,929084258.0,342,1898
2026-05-14 12:52:02,12:52:02,SPY,748.22,428294825.0,86635552.0,341659273.0,1109753073.0,173789836.0,935963237.0,342,1898
2026-05-14 12:52:17,12:52:17,SPY,748.2,424378970.0,86921568.0,337457402.0,1106641282.0,175050962.0,931590320.0,342,1898
2026-05-14 12:52:33,12:52:33,SPY,748.06,404389527.0,93855219.0,310534308.0,1081418867.0,182731056.0,898687811.0,342,1898
2026-05-14 12:52:47,12:52:47,SPY,748.02,400037390.0,96182950.0,303854440.0,1077074801.0,186211192.0,890863609.0,342,1898
2026-05-14 12:53:02,12:53:02,SPY,747.85,385896458.0,105422765.0,280473693.0,1061928719.0,196162741.0,865765978.0,342,1898
2026-05-14 12:53:16,12:53:16,SPY,747.94,389883170.0,102366553.0,287516617.0,1065094833.0,194222838.0,870871995.0,342,1898
2026-05-14 12:53:32,12:53:32,SPY,747.97,396635376.0,98405116.0,298230260.0,1072725633.0,190465496.0,882260137.0,342,1898
2026-05-14 12:53:47,12:53:47,SPY,747.9401,392387666.0,99913898.0,292473768.0,1068007251.0,191623991.0,876383260.0,342,1898
2026-05-14 12:54:03,12:54:03,SPY,748.03,403478947.0,95982962.0,307495985.0,1081282472.0,185889837.0,895392635.0,342,1898
2026-05-14 12:54:19,12:54:19,SPY,748.05,405691628.0,94715938.0,310975690.0,1085348268.0,184284058.0,901064210.0,342,1898
2026-05-14 12:54:32,12:54:32,SPY,748.15,417150382.0,91049543.0,326100839.0,1098112038.0,180487394.0,917624644.0,342,1898
2026-05-14 12:54:46,12:54:46,SPY,748.08,412850319.0,92668222.0,320182097.0,1092641570.0,181976666.0,910664904.0,342,1898
2026-05-14 12:55:11,12:55:11,SPY,748.1,413684818.0,93383373.0,320301445.0,1094072244.0,183360000.0,910712244.0,342,1898
2026-05-14 12:56:47,12:56:47,SPY,748.0,397654150.0,98369253.0,299284897.0,1076112721.0,190076861.0,886035860.0,342,1898
2026-05-14 12:58:49,12:58:49,SPY,747.57,335254165.0,124781575.0,210472590.0,980512032.0,230057970.0,750454062.0,342,1898
2026-05-14 13:00:49,13:00:49,SPY,746.97,272983118.0,170094763.0,102888355.0,909953324.0,282226454.0,627726870.0,342,1898
2026-05-14 13:02:47,13:02:47,SPY,746.745,257451482.0,198012798.0,59438684.0,891111257.0,310952060.0,580159197.0,342,1898
2026-05-14 13:04:45,13:04:45,SPY,747.12,295768599.0,160952231.0,134816368.0,939739558.0,271832716.0,667906842.0,342,1898
2026-05-14 13:06:45,13:06:45,SPY,747.06,291097650.0,165670988.0,125426662.0,936278432.0,276784320.0,659494112.0,342,1898
2026-05-14 13:08:45,13:08:45,SPY,747.323,310704909.0,146043972.0,164660937.0,959624018.0,255596454.0,704027564.0,342,1898
2026-05-14 13:10:46,13:10:46,SPY,747.7,359001667.0,117066024.0,241935643.0,1018992918.0,219457407.0,799535511.0,342,1898
2026-05-14 13:12:45,13:12:45,SPY,747.7,359458533.0,115484211.0,243974322.0,1024803995.0,217566025.0,807237970.0,342,1898
2026-05-14 13:14:45,13:14:45,SPY,747.985,398488596.0,98244521.0,300244075.0,1072955031.0,195246287.0,877708744.0,342,1898
2026-05-14 13:16:47,13:16:47,SPY,747.97,391728103.0,99532070.0,292196033.0,1065560382.0,196539790.0,869020592.0,342,1898
2026-05-14 13:18:46,13:18:46,SPY,748.1425,424367032.0,87964031.0,336403001.0,1106530626.0,181568692.0,924961934.0,342,1898
2026-05-14 13:20:46,13:20:46,SPY,748.1,416031923.0,90749051.0,325282872.0,1068701217.0,186798361.0,881902856.0,342,1898
2026-05-14 13:22:47,13:22:47,SPY,747.92,387739374.0,101281965.0,286457409.0,1040495528.0,200516428.0,839979100.0,342,1898
2026-05-14 13:24:47,13:24:47,SPY,747.7,355570817.0,111601265.0,243969552.0,1002237035.0,212600585.0,789636450.0,342,1898
2026-05-14 13:26:46,13:26:46,SPY,747.4521,323863050.0,131139485.0,192723565.0,963622931.0,239124992.0,724497939.0,342,1898
2026-05-14 13:28:47,13:28:47,SPY,747.65,342879812.0,116330239.0,226549573.0,985721119.0,222417266.0,763303853.0,342,1898
2026-05-14 13:30:45,13:30:45,SPY,747.95,383279296.0,97107289.0,286172007.0,1038395743.0,197294117.0,841101626.0,342,1898
2026-05-14 13:32:45,13:32:45,SPY,748.01,392645689.0,92846149.0,299799540.0,1051130718.0,191579816.0,859550902.0,342,1898
2026-05-14 13:34:45,13:34:45,SPY,747.76,359227836.0,104753903.0,254473933.0,1012370862.0,206552500.0,805818362.0,342,1898
2026-05-14 13:36:45,13:36:45,SPY,747.7,343403676.0,112100547.0,231303129.0,993460953.0,216803334.0,776657619.0,342,1898
2026-05-14 13:38:46,13:38:46,SPY,747.809,357924974.0,102753424.0,255171550.0,1013241408.0,206281462.0,806959946.0,342,1898
2026-05-14 13:40:45,13:40:45,SPY,747.79,359252764.0,102698286.0,256554478.0,1017108995.0,206156895.0,810952100.0,342,1898
2026-05-14 13:42:46,13:42:46,SPY,747.84,368571340.0,97722617.0,270848723.0,1027166712.0,199898047.0,827268665.0,342,1898
2026-05-14 13:44:45,13:44:45,SPY,747.7,346929847.0,110761610.0,236168237.0,1000372837.0,215650481.0,784722356.0,342,1898
2026-05-14 13:46:45,13:46:45,SPY,747.935,380555821.0,92608181.0,287947640.0,1044845161.0,195067627.0,849777534.0,342,1898
2026-05-14 13:48:45,13:48:45,SPY,748.05,398078877.0,86297835.0,311781042.0,1088275427.0,185569606.0,902705821.0,342,1898
2026-05-14 13:50:47,13:50:47,SPY,748.09,402992696.0,84048281.0,318944415.0,1096475794.0,182373434.0,914102360.0,342,1898
2026-05-14 13:52:48,13:52:48,SPY,748.025,393152874.0,86893040.0,306259834.0,1082875465.0,185891226.0,896984239.0,342,1898
2026-05-14 13:54:45,13:54:45,SPY,748.3,430418007.0,74700250.0,355717757.0,1130418910.0,170731526.0,959687384.0,342,1898
2026-05-14 13:56:47,13:56:47,SPY,748.35,447090631.0,70655907.0,376434724.0,1153050499.0,165482602.0,987567897.0,342,1898
2026-05-14 13:58:47,13:58:47,SPY,748.5,473829189.0,64119670.0,409709519.0,1189050023.0,157033643.0,1032016380.0,342,1898
2026-05-14 14:00:47,14:00:47,SPY,748.42,462127239.0,63415284.0,398711955.0,1180837293.0,155712318.0,1025124975.0,342,1898
2026-05-14 14:02:46,14:02:46,SPY,748.38,453415016.0,65858231.0,387556785.0,1169248523.0,158431105.0,1010817418.0,342,1898
2026-05-14 14:04:46,14:04:46,SPY,748.54,483302625.0,58845175.0,424457450.0,1207620817.0,151236770.0,1056384047.0,342,1898
2026-05-14 14:06:45,14:06:45,SPY,748.355,435101416.0,66354515.0,368746901.0,1153169546.0,161994356.0,991175190.0,342,1898
2026-05-14 14:08:46,14:08:46,SPY,748.64,495885480.0,53919594.0,441965886.0,1221046867.0,145893378.0,1075153489.0,342,1898
2026-05-14 14:10:46,14:10:46,SPY,748.665,498180013.0,51982987.0,446197026.0,1230588968.0,142505472.0,1088083496.0,342,1898
2026-05-14 14:12:49,14:12:49,SPY,748.2,412364865.0,70667473.0,341697392.0,1140953380.0,164008565.0,976944815.0,342,1898
2026-05-14 14:14:49,14:14:49,SPY,748.51,462904175.0,54931866.0,407972309.0,1189666136.0,148091325.0,1041574811.0,342,1898
2026-05-14 14:16:48,14:16:48,SPY,748.54,472037677.0,52957144.0,419080533.0,1200831616.0,145532174.0,1055299442.0,342,1898
2026-05-14 14:18:48,14:18:48,SPY,748.44,447193849.0,57538513.0,389655336.0,1151758826.0,151438130.0,1000320696.0,342,1898
2026-05-14 14:20:46,14:20:46,SPY,748.58,474882130.0,50704895.0,424177235.0,1187272574.0,143190969.0,1044081605.0,342,1898
2026-05-14 14:22:45,14:22:45,SPY,748.44,443676895.0,57194948.0,386481947.0,1150758631.0,151604237.0,999154394.0,342,1898
2026-05-14 14:24:45,14:24:45,SPY,748.46,448653172.0,55571498.0,393081674.0,1158416627.0,150418910.0,1007997717.0,342,1898
2026-05-14 14:26:46,14:26:46,SPY,748.39,435516806.0,59469482.0,376047324.0,1143608149.0,155868132.0,987740017.0,342,1898
2026-05-14 14:28:48,14:28:48,SPY,748.11,380188514.0,74084538.0,306103976.0,1056576063.0,175514924.0,881061139.0,342,1898
2026-05-14 14:30:46,14:30:46,SPY,748.495,460029012.0,53389669.0,406639343.0,1074917618.0,150195505.0,924722113.0,342,1898
2026-05-14 14:32:46,14:32:46,SPY,748.37,430829228.0,59150081.0,371679147.0,1047821589.0,156149160.0,891672429.0,342,1898
2026-05-14 14:34:46,14:34:46,SPY,748.31,421096821.0,61126042.0,359970779.0,1037207389.0,160103653.0,877103736.0,342,1898
2026-05-14 14:36:46,14:36:46,SPY,748.45,450253839.0,54617989.0,395635850.0,1069559235.0,152005352.0,917553883.0,342,1898
2026-05-14 14:38:47,14:38:47,SPY,748.555,476192941.0,50734491.0,425458450.0,1104810917.0,146409535.0,958401382.0,342,1898
2026-05-14 14:40:45,14:40:45,SPY,748.6201,481201198.0,48014688.0,433186510.0,1112971172.0,143343617.0,969627555.0,342,1898
2026-05-14 14:42:46,14:42:46,SPY,748.43,447186637.0,56575264.0,390611373.0,1071468873.0,155194950.0,916273923.0,342,1898
2026-05-14 14:44:08,14:44:08,SPY,748.3,416443040.0,61639121.0,354803919.0,1039169139.0,162565568.0,876603571.0,342,1898
2026-05-14 14:46:07,14:46:07,SPY,748.5,454568358.0,56406355.0,398162003.0,1083267666.0,155838921.0,927428745.0,342,1898
2026-05-14 14:48:07,14:48:07,SPY,748.41,437535174.0,59458904.0,378076270.0,1072191025.0,161988521.0,910202504.0,342,1898
2026-05-14 14:50:00,14:50:00,SPY,747.83,342158397.0,81079833.0,261078564.0,960490851.0,193560442.0,766930409.0,342,1898
2026-05-14 14:51:49,14:51:49,SPY,748.14,389633530.0,70385239.0,319248291.0,1021344023.0,178155522.0,843188501.0,342,1898
2026-05-14 14:53:06,14:53:06,SPY,748.065,390864888.0,77507671.0,313357217.0,1022244968.0,187021286.0,835223682.0,342,1898
2026-05-14 14:55:08,14:55:08,SPY,747.87,356206766.0,91154532.0,265052234.0,981189138.0,203482295.0,777706843.0,342,1898
2026-05-14 14:57:07,14:57:07,SPY,747.83,347258806.0,94238530.0,253020276.0,970200284.0,208858973.0,761341311.0,342,1898
2026-05-14 14:59:06,14:59:06,SPY,748.17,403317031.0,66814387.0,336502644.0,1040412466.0,178773422.0,861639044.0,342,1898
2026-05-14 15:01:07,15:01:07,SPY,748.17,429493487.0,55255416.0,374238071.0,1076194042.0,160674507.0,915519535.0,342,1898
2026-05-14 15:03:06,15:03:06,SPY,748.17,445517190.0,51430193.0,394086997.0,1093267249.0,155065554.0,938201695.0,342,1898
2026-05-14 15:05:07,15:05:07,SPY,748.17,422426251.0,55513428.0,366912823.0,1069793807.0,161183870.0,908609937.0,342,1898
2026-05-14 15:07:07,15:07:07,SPY,748.17,419344957.0,51313551.0,368031406.0,1069246202.0,157732880.0,911513322.0,342,1898
2026-05-14 15:09:08,15:09:08,SPY,748.17,407484139.0,50305168.0,357178971.0,1057216346.0,157233774.0,899982572.0,342,1898
2026-05-14 15:11:18,15:11:18,SPY,748.17,398881492.0,52348303.0,346533189.0,1045061109.0,161330690.0,883730419.0,342,1898
2026-05-14 15:13:19,15:13:19,SPY,748.17,393185277.0,53045896.0,340139381.0,1040534431.0,162880439.0,877653992.0,342,1898
2026-05-14 15:15:20,15:15:20,SPY,748.17,393185277.0,53045896.0,340139381.0,1040534431.0,162880439.0,877653992.0,342,1898
2026-05-14 15:17:25,15:17:25,SPY,748.17,393185277.0,53045896.0,340139381.0,1040534431.0,162880439.0,877653992.0,342,1898
2026-05-14 15:19:26,15:19:26,SPY,748.17,393185277.0,53045896.0,340139381.0,1040534431.0,162880439.0,877653992.0,342,1898
2026-05-14 15:21:28,15:21:28,SPY,748.17,393185277.0,53045896.0,340139381.0,1040534431.0,162880439.0,877653992.0,342,1898
2026-05-14 15:23:29,15:23:29,SPY,748.17,393185277.0,53045896.0,340139381.0,1040534431.0,162880439.0,877653992.0,342,1898
2026-05-14 15:25:31,15:25:31,SPY,748.17,393185277.0,53045896.0,340139381.0,1040534431.0,162880439.0,877653992.0,342,1898
2026-05-14 15:27:33,15:27:33,SPY,748.17,393185277.0,53045896.0,340139381.0,1040534431.0,162880439.0,877653992.0,342,1898
2026-05-14 15:29:36,15:29:36,SPY,748.17,393185277.0,53045896.0,340139381.0,1040534431.0,162880439.0,877653992.0,342,1898
2026-05-14 15:31:37,15:31:37,SPY,748.17,393185277.0,53045896.0,340139381.0,1040534431.0,162880439.0,877653992.0,342,1898
2026-05-14 15:33:07,15:33:07,SPY,748.17,393185277.0,53045896.0,340139381.0,1040534431.0,162880439.0,877653992.0,342,1898
2026-05-14 15:35:07,15:35:07,SPY,748.17,393185277.0,53045896.0,340139381.0,1040534431.0,162880439.0,877653992.0,342,1898
2026-05-14 15:37:07,15:37:07,SPY,748.17,393185277.0,53045896.0,340139381.0,1040534431.0,162880439.0,877653992.0,342,1898
2026-05-14 15:39:09,15:39:09,SPY,748.17,393185277.0,53045896.0,340139381.0,1040534431.0,162880439.0,877653992.0,342,1898
