datetime,time,symbol,spot,call_premium,put_premium,net_premium,net_dex,net_gex
2026-05-12 21:40:28,21:40:28,IWM,282.57,28346098.0,17527996.0,10818102.0,0.0,0.0
2026-05-12 21:40:29,21:40:29,IWM,282.57,28346098.0,17527996.0,10818102.0,0.0,0.0
2026-05-12 21:45:42,21:45:42,IWM,282.57,28346098.0,17527996.0,10818102.0,0.0,0.0
2026-05-12 21:59:13,21:59:13,IWM,282.57,28346098.0,17527996.0,10818102.0,0.0,0.0
2026-05-12 22:17:37,22:17:37,IWM,282.57,28346098.0,17527996.0,10818102.0,0.0,0.0
2026-05-13 06:58:44,06:58:44,IWM,282.57,35247285.0,15483892.0,19763393.0,0.0,0.0
2026-05-13 07:05:11,07:05:11,IWM,282.57,35247285.0,15483892.0,19763393.0,0.0,0.0
2026-05-13 07:05:13,07:05:13,IWM,282.57,35247285.0,15483892.0,19763393.0,0.0,0.0
2026-05-13 07:05:28,07:05:28,IWM,282.57,35247285.0,15483892.0,19763393.0,0.0,0.0
2026-05-13 07:19:45,07:19:45,IWM,282.57,35247285.0,15483892.0,19763393.0,0.0,0.0
2026-05-13 07:30:38,07:30:38,IWM,282.57,35247285.0,15483892.0,19763393.0,0.0,0.0
2026-05-13 07:30:58,07:30:58,IWM,282.57,35247285.0,15483892.0,19763393.0,0.0,0.0
2026-05-13 07:31:15,07:31:15,IWM,282.57,35247285.0,15483892.0,19763393.0,0.0,0.0
2026-05-13 07:31:31,07:31:31,IWM,282.57,35247285.0,15483892.0,19763393.0,0.0,0.0
2026-05-13 07:31:46,07:31:46,IWM,282.57,35247285.0,15483892.0,19763393.0,0.0,0.0
2026-05-13 07:32:00,07:32:00,IWM,282.57,35247285.0,15483892.0,19763393.0,0.0,0.0
2026-05-13 07:32:14,07:32:14,IWM,282.57,35247285.0,15483892.0,19763393.0,0.0,0.0
2026-05-13 07:32:30,07:32:30,IWM,282.57,35247285.0,15483892.0,19763393.0,0.0,0.0
2026-05-13 07:32:46,07:32:46,IWM,282.57,35247285.0,15483892.0,19763393.0,0.0,0.0
2026-05-13 07:32:59,07:32:59,IWM,282.57,35247285.0,15483892.0,19763393.0,0.0,0.0
2026-05-13 07:33:16,07:33:16,IWM,282.57,35247285.0,15483892.0,19763393.0,0.0,0.0
2026-05-13 07:33:30,07:33:30,IWM,282.57,35247285.0,15483892.0,19763393.0,0.0,0.0
2026-05-13 07:35:29,07:35:29,IWM,282.57,35247285.0,15483892.0,19763393.0,0.0,0.0
2026-05-13 07:35:44,07:35:44,IWM,282.57,35247285.0,15483892.0,19763393.0,0.0,0.0
2026-05-13 07:40:09,07:40:09,IWM,282.57,35247285.0,15483892.0,19763393.0,0.0,0.0
2026-05-13 07:40:19,07:40:19,IWM,282.57,35247285.0,15483892.0,19763393.0,0.0,0.0
2026-05-13 07:43:34,07:43:34,IWM,282.57,35247285.0,15483892.0,19763393.0,0.0,0.0
2026-05-13 07:43:45,07:43:45,IWM,282.57,35247285.0,15483892.0,19763393.0,0.0,0.0
2026-05-13 07:44:00,07:44:00,IWM,282.57,35247285.0,15483892.0,19763393.0,0.0,0.0
2026-05-13 07:44:17,07:44:17,IWM,282.57,35247285.0,15483892.0,19763393.0,0.0,0.0
2026-05-13 07:44:36,07:44:36,IWM,282.57,35247285.0,15483892.0,19763393.0,0.0,0.0
2026-05-13 07:44:41,07:44:41,IWM,282.57,35247285.0,15483892.0,19763393.0,0.0,0.0
2026-05-13 07:45:06,07:45:06,IWM,282.57,35247285.0,15483892.0,19763393.0,0.0,0.0
2026-05-13 07:47:31,07:47:31,IWM,282.57,35247285.0,15483892.0,19763393.0,0.0,0.0
2026-05-13 07:49:22,07:49:22,IWM,282.57,35247285.0,15483892.0,19763393.0,0.0,0.0
2026-05-13 07:51:19,07:51:19,IWM,282.57,35247285.0,15483892.0,19763393.0,0.0,0.0
2026-05-13 07:53:18,07:53:18,IWM,282.57,35247285.0,15483892.0,19763393.0,0.0,0.0
2026-05-13 07:55:18,07:55:18,IWM,282.57,35247285.0,15483892.0,19763393.0,0.0,0.0
2026-05-13 07:57:33,07:57:33,IWM,282.57,35247285.0,15483892.0,19763393.0,0.0,0.0
2026-05-13 07:59:25,07:59:25,IWM,282.57,35247285.0,15483892.0,19763393.0,0.0,0.0
2026-05-13 08:01:23,08:01:23,IWM,282.57,35247285.0,15483892.0,19763393.0,0.0,0.0
2026-05-13 08:03:12,08:03:12,IWM,282.57,35247285.0,15483892.0,19763393.0,0.0,0.0
2026-05-13 08:05:12,08:05:12,IWM,282.57,35247285.0,15483892.0,19763393.0,0.0,0.0
2026-05-13 08:07:03,08:07:03,IWM,282.57,35247285.0,15483892.0,19763393.0,0.0,0.0
2026-05-13 08:09:01,08:09:01,IWM,282.57,35247285.0,15483892.0,19763393.0,0.0,0.0
2026-05-13 08:10:57,08:10:57,IWM,282.57,35247285.0,15483892.0,19763393.0,0.0,0.0
2026-05-13 08:12:58,08:12:58,IWM,282.57,35247285.0,15483892.0,19763393.0,0.0,0.0
2026-05-13 08:15:26,08:15:26,IWM,282.57,35247285.0,15483892.0,19763393.0,0.0,0.0
2026-05-13 08:17:27,08:17:27,IWM,282.57,35247285.0,15483892.0,19763393.0,0.0,0.0
2026-05-13 08:19:26,08:19:26,IWM,282.57,35247285.0,15483892.0,19763393.0,0.0,0.0
2026-05-13 08:21:26,08:21:26,IWM,282.57,35247285.0,15483892.0,19763393.0,0.0,0.0
2026-05-13 08:23:11,08:23:11,IWM,282.57,35247285.0,15483892.0,19763393.0,0.0,0.0
2026-05-13 08:24:59,08:24:59,IWM,282.57,35247285.0,15483892.0,19763393.0,0.0,0.0
2026-05-13 08:26:44,08:26:44,IWM,282.57,35247285.0,15483892.0,19763393.0,0.0,0.0
2026-05-13 08:28:57,08:28:57,IWM,282.14,6964265.0,6146036.0,818229.0,0.0,0.0
2026-05-13 08:30:45,08:30:45,IWM,282.045,3167432.0,1475966.0,1691466.0,0.0,0.0
2026-05-13 08:32:46,08:32:46,IWM,281.81,5874551.0,1713765.0,4160786.0,0.0,0.0
2026-05-13 08:34:31,08:34:31,IWM,281.36,5667979.0,2753530.0,2914449.0,0.0,0.0
2026-05-13 08:36:29,08:36:29,IWM,280.77,3406345.0,4458437.0,-1052092.0,0.0,0.0
2026-05-13 08:38:32,08:38:32,IWM,280.71,3491681.0,4971518.0,-1479837.0,0.0,0.0
2026-05-13 08:40:33,08:40:33,IWM,280.72,3629969.0,5090381.0,-1460412.0,0.0,0.0
2026-05-13 08:42:31,08:42:31,IWM,280.29,3736704.0,7309016.0,-3572312.0,0.0,0.0
2026-05-13 08:44:35,08:44:35,IWM,279.99,23887269.0,9118293.0,14768976.0,0.0,0.0
2026-05-13 08:46:33,08:46:33,IWM,280.08,3952676.0,9424997.0,-5472321.0,0.0,0.0
2026-05-13 08:48:30,08:48:30,IWM,280.4701,4052026.0,8436103.0,-4384077.0,0.0,0.0
2026-05-13 08:50:30,08:50:30,IWM,280.47,4354892.0,9277697.0,-4922805.0,0.0,0.0
2026-05-13 08:52:31,08:52:31,IWM,280.36,4725521.0,9412599.0,-4687078.0,0.0,0.0
2026-05-13 08:54:31,08:54:31,IWM,280.64,5275352.0,8628929.0,-3353577.0,0.0,0.0
2026-05-13 08:56:32,08:56:32,IWM,280.41,5002013.0,9779241.0,-4777228.0,0.0,0.0
2026-05-13 08:58:37,08:58:37,IWM,280.64,5376010.0,9100523.0,-3724513.0,0.0,0.0
2026-05-13 09:00:35,09:00:35,IWM,280.9,5740361.0,8095789.0,-2355428.0,0.0,0.0
2026-05-13 09:02:31,09:02:31,IWM,281.115,5346932.0,7117777.0,-1770845.0,0.0,0.0
2026-05-13 09:04:32,09:04:32,IWM,280.965,6512031.0,7701374.0,-1189343.0,0.0,0.0
2026-05-13 09:04:51,09:04:51,IWM,280.96,6401738.0,7896850.0,-1495112.0,0.0,0.0
2026-05-13 09:07:31,09:07:31,IWM,280.82,6330895.0,8797989.0,-2467094.0,0.0,0.0
2026-05-13 09:09:32,09:09:32,IWM,280.83,6461426.0,9334768.0,-2873342.0,0.0,0.0
2026-05-13 09:11:31,09:11:31,IWM,280.75,6359121.0,9857776.0,-3498655.0,0.0,0.0
2026-05-13 09:13:40,09:13:40,IWM,280.7,6246557.0,10470562.0,-4224005.0,0.0,0.0
2026-05-13 10:00:01,10:00:01,IWM,281.74,11674141.0,7114563.0,4559578.0,0.0,0.0
2026-05-13 10:00:16,10:00:16,IWM,281.645,11261341.0,7349385.0,3911956.0,0.0,0.0
2026-05-13 10:00:31,10:00:31,IWM,281.68,11327392.0,7279815.0,4047577.0,0.0,0.0
2026-05-13 10:00:45,10:00:45,IWM,281.69,11374151.0,7272604.0,4101547.0,0.0,0.0
2026-05-13 10:00:59,10:00:59,IWM,281.7,11326494.0,7139539.0,4186955.0,0.0,0.0
2026-05-13 10:01:15,10:01:15,IWM,281.66,11187805.0,7318803.0,3869002.0,0.0,0.0
2026-05-13 10:01:30,10:01:30,IWM,281.67,11334117.0,7194724.0,4139393.0,0.0,0.0
2026-05-13 10:03:22,10:03:22,IWM,281.46,10297526.0,8102047.0,2195479.0,0.0,0.0
2026-05-13 10:05:22,10:05:22,IWM,281.49,10335394.0,8103958.0,2231436.0,0.0,0.0
2026-05-13 10:07:26,10:07:26,IWM,281.55,10787618.0,7965939.0,2821679.0,0.0,0.0
2026-05-13 10:09:24,10:09:24,IWM,281.36,10267687.0,8799631.0,1468056.0,0.0,0.0
2026-05-13 10:11:24,10:11:24,IWM,281.36,10056917.0,9042722.0,1014195.0,0.0,0.0
2026-05-13 10:13:23,10:13:23,IWM,281.5,10509114.0,8354035.0,2155079.0,0.0,0.0
2026-05-13 10:15:24,10:15:24,IWM,281.69,11888594.0,7296349.0,4592245.0,0.0,0.0
2026-05-13 10:15:47,10:15:47,IWM,281.76,12071890.0,7357864.0,4714026.0,0.0,0.0
2026-05-13 10:16:03,10:16:03,IWM,281.76,12243257.0,7246392.0,4996865.0,0.0,0.0
2026-05-13 10:16:20,10:16:20,IWM,281.785,12381191.0,7033113.0,5348078.0,0.0,0.0
2026-05-13 10:16:38,10:16:38,IWM,281.8,12462471.0,7099440.0,5363031.0,0.0,0.0
2026-05-13 10:16:53,10:16:53,IWM,281.8,12438005.0,7089692.0,5348313.0,0.0,0.0
2026-05-13 10:17:22,10:17:22,IWM,281.74,12278177.0,7136340.0,5141837.0,0.0,0.0
2026-05-13 10:19:09,10:19:09,IWM,281.74,12332088.0,7299238.0,5032850.0,0.0,0.0
2026-05-13 10:19:24,10:19:24,IWM,281.73,12281482.0,7217500.0,5063982.0,0.0,0.0
2026-05-13 10:19:39,10:19:39,IWM,281.74,12410157.0,7163477.0,5246680.0,0.0,0.0
2026-05-13 10:19:55,10:19:55,IWM,281.76,12530254.0,7155520.0,5374734.0,0.0,0.0
2026-05-13 10:20:10,10:20:10,IWM,281.785,12501138.0,7059100.0,5442038.0,0.0,0.0
2026-05-13 10:20:25,10:20:25,IWM,281.78,12526856.0,7053387.0,5473469.0,0.0,0.0
2026-05-13 10:22:24,10:22:24,IWM,281.84,12900730.0,6917227.0,5983503.0,0.0,0.0
2026-05-13 10:24:21,10:24:21,IWM,281.7,12479730.0,7390626.0,5089104.0,0.0,0.0
2026-05-13 10:26:25,10:26:25,IWM,281.765,12794469.0,7406185.0,5388284.0,0.0,0.0
2026-05-13 10:28:27,10:28:27,IWM,281.93,13646678.0,6689209.0,6957469.0,0.0,0.0
2026-05-13 10:30:27,10:30:27,IWM,281.84,13253756.0,7081078.0,6172678.0,0.0,0.0
2026-05-13 10:32:24,10:32:24,IWM,281.8166,13083061.0,7032362.0,6050699.0,0.0,0.0
2026-05-13 10:34:25,10:34:25,IWM,281.87,13151861.0,7163634.0,5988227.0,0.0,0.0
2026-05-13 10:36:26,10:36:26,IWM,282.07,14431873.0,6348689.0,8083184.0,0.0,0.0
2026-05-13 10:38:24,10:38:24,IWM,282.15,15013354.0,6124354.0,8889000.0,0.0,0.0
2026-05-13 10:40:24,10:40:24,IWM,282.15,15467775.0,6244871.0,9222904.0,0.0,0.0
2026-05-13 10:42:26,10:42:26,IWM,282.16,15682390.0,6473915.0,9208475.0,0.0,0.0
2026-05-13 10:44:24,10:44:24,IWM,281.83,13464406.0,7441979.0,6022427.0,0.0,0.0
2026-05-13 10:46:23,10:46:23,IWM,281.88,13937729.0,7300706.0,6637023.0,0.0,0.0
2026-05-13 10:48:24,10:48:24,IWM,281.73,12836943.0,8068983.0,4767960.0,0.0,0.0
2026-05-13 10:50:23,10:50:23,IWM,281.595,12143452.0,8908013.0,3235439.0,0.0,0.0
2026-05-13 10:52:23,10:52:23,IWM,281.705,12782958.0,9254835.0,3528123.0,0.0,0.0
2026-05-13 10:54:21,10:54:21,IWM,281.7,12977238.0,9375247.0,3601991.0,0.0,0.0
2026-05-13 10:56:21,10:56:21,IWM,281.49,11959345.0,10227201.0,1732144.0,0.0,0.0
2026-05-13 10:58:26,10:58:26,IWM,281.3601,11153389.0,10806862.0,346527.0,0.0,0.0
2026-05-13 11:00:23,11:00:23,IWM,281.57,12050707.0,9896987.0,2153720.0,0.0,0.0
2026-05-13 11:02:24,11:02:24,IWM,281.56,11858005.0,9985369.0,1872636.0,0.0,0.0
2026-05-13 11:04:23,11:04:23,IWM,281.53,11617248.0,10166081.0,1451167.0,0.0,0.0
2026-05-13 11:06:18,11:06:18,IWM,281.55,11564152.0,10137607.0,1426545.0,0.0,0.0
2026-05-13 11:07:50,11:07:50,IWM,281.5,11308990.0,10192233.0,1116757.0,0.0,0.0
2026-05-13 11:07:58,11:07:58,IWM,281.48,11239193.0,10192968.0,1046225.0,0.0,0.0
2026-05-13 11:08:05,11:08:05,IWM,281.48,11282490.0,10196934.0,1085556.0,0.0,0.0
2026-05-13 11:08:19,11:08:19,IWM,281.47,11180311.0,10261648.0,918663.0,0.0,0.0
2026-05-13 11:08:28,11:08:28,IWM,281.54,11194826.0,10277589.0,917237.0,0.0,0.0
2026-05-13 11:08:45,11:08:45,IWM,281.58,11706118.0,9869883.0,1836235.0,0.0,0.0
2026-05-13 11:08:59,11:08:59,IWM,281.585,11663086.0,9805013.0,1858073.0,0.0,0.0
2026-05-13 11:09:14,11:09:14,IWM,281.56,11670224.0,9829145.0,1841079.0,0.0,0.0
2026-05-13 11:09:31,11:09:31,IWM,281.56,11666481.0,9952301.0,1714180.0,0.0,0.0
2026-05-13 11:09:44,11:09:44,IWM,281.58,11669422.0,9931315.0,1738107.0,0.0,0.0
2026-05-13 11:09:58,11:09:58,IWM,281.64,11857806.0,9699545.0,2158261.0,0.0,0.0
2026-05-13 11:10:13,11:10:13,IWM,281.63,12124909.0,9492983.0,2631926.0,0.0,0.0
2026-05-13 11:10:28,11:10:28,IWM,281.7,12414602.0,9197535.0,3217067.0,0.0,0.0
2026-05-13 11:10:43,11:10:43,IWM,281.67,12314363.0,9295009.0,3019354.0,0.0,0.0
2026-05-13 11:10:59,11:10:59,IWM,281.62,12114528.0,9400028.0,2714500.0,0.0,0.0
2026-05-13 11:11:11,11:11:11,IWM,281.63,12185754.0,9465046.0,2720708.0,0.0,0.0
2026-05-13 11:11:28,11:11:28,IWM,281.7,12386339.0,9137053.0,3249286.0,0.0,0.0
2026-05-13 11:11:45,11:11:45,IWM,281.71,12761879.0,9166194.0,3595685.0,0.0,0.0
2026-05-13 11:11:58,11:11:58,IWM,281.73,12683320.0,9135717.0,3547603.0,0.0,0.0
2026-05-13 11:12:14,11:12:14,IWM,281.67,12619765.0,9254726.0,3365039.0,0.0,0.0
2026-05-13 11:12:28,11:12:28,IWM,281.66,12408981.0,9300023.0,3108958.0,0.0,0.0
2026-05-13 11:12:44,11:12:44,IWM,281.61,12176347.0,9559146.0,2617201.0,0.0,0.0
2026-05-13 11:12:59,11:12:59,IWM,281.64,12219549.0,9434856.0,2784693.0,0.0,0.0
2026-05-13 11:13:13,11:13:13,IWM,281.74,12275583.0,9225509.0,3050074.0,0.0,0.0
2026-05-13 11:13:29,11:13:29,IWM,281.77,13207678.0,8712365.0,4495313.0,0.0,0.0
2026-05-13 11:13:45,11:13:45,IWM,281.83,13510231.0,8645588.0,4864643.0,0.0,0.0
2026-05-13 11:14:01,11:14:01,IWM,281.77,13206312.0,8876321.0,4329991.0,0.0,0.0
2026-05-13 11:14:13,11:14:13,IWM,281.73,13027077.0,8932749.0,4094328.0,0.0,0.0
2026-05-13 11:14:29,11:14:29,IWM,281.75,12960895.0,9065120.0,3895775.0,0.0,0.0
2026-05-13 11:14:50,11:14:50,IWM,281.67,12746571.0,9218160.0,3528411.0,0.0,0.0
2026-05-13 11:14:59,11:14:59,IWM,281.67,12642250.0,9275205.0,3367045.0,0.0,0.0
2026-05-13 11:15:12,11:15:12,IWM,281.66,12699268.0,9306519.0,3392749.0,0.0,0.0
2026-05-13 11:15:29,11:15:29,IWM,281.71,12759310.0,9284418.0,3474892.0,0.0,0.0
2026-05-13 11:15:45,11:15:45,IWM,281.8,13072171.0,9063885.0,4008286.0,0.0,0.0
2026-05-13 11:16:01,11:16:01,IWM,281.87,13738205.0,8583310.0,5154895.0,0.0,0.0
2026-05-13 11:16:16,11:16:16,IWM,281.85,13704229.0,8752892.0,4951337.0,0.0,0.0
2026-05-13 11:16:35,11:16:35,IWM,281.83,13746869.0,8679185.0,5067684.0,0.0,0.0
2026-05-13 11:18:30,11:18:30,IWM,282.15,16493515.0,7806800.0,8686715.0,0.0,0.0
2026-05-13 11:20:27,11:20:27,IWM,282.06,16129600.0,8063043.0,8066557.0,0.0,0.0
2026-05-13 11:22:25,11:22:25,IWM,282.3199,19487550.0,7123695.0,12363855.0,0.0,0.0
2026-05-13 11:24:27,11:24:27,IWM,282.38,19730494.0,7135134.0,12595360.0,0.0,0.0
2026-05-13 11:26:26,11:26:26,IWM,282.41,20067406.0,7089154.0,12978252.0,0.0,0.0
2026-05-13 11:28:28,11:28:28,IWM,282.32,19449898.0,7364209.0,12085689.0,0.0,0.0
2026-05-13 11:30:28,11:30:28,IWM,282.42,20198773.0,7247184.0,12951589.0,0.0,0.0
2026-05-13 11:32:26,11:32:26,IWM,282.42,20647628.0,6901414.0,13746214.0,0.0,0.0
2026-05-13 11:34:27,11:34:27,IWM,282.4,20427420.0,7158238.0,13269182.0,0.0,0.0
2026-05-13 11:36:25,11:36:25,IWM,282.365,19569660.0,7581516.0,11988144.0,0.0,0.0
2026-05-13 11:38:25,11:38:25,IWM,282.49,21170498.0,7323083.0,13847415.0,0.0,0.0
2026-05-13 11:40:26,11:40:26,IWM,282.44,20423610.0,7443655.0,12979955.0,0.0,0.0
2026-05-13 11:42:26,11:42:26,IWM,282.44,20389856.0,7602302.0,12787554.0,0.0,0.0
2026-05-13 11:44:26,11:44:26,IWM,282.29,19222403.0,7984993.0,11237410.0,0.0,0.0
2026-05-13 11:46:26,11:46:26,IWM,282.155,17919008.0,8659870.0,9259138.0,0.0,0.0
2026-05-13 11:48:26,11:48:26,IWM,282.1,17586233.0,9075378.0,8510855.0,0.0,0.0
2026-05-13 11:50:27,11:50:27,IWM,282.17,18085595.0,8864843.0,9220752.0,0.0,0.0
2026-05-13 11:52:25,11:52:25,IWM,282.225,18966361.0,8326871.0,10639490.0,0.0,0.0
2026-05-13 11:54:26,11:54:26,IWM,282.39,20323391.0,7593907.0,12729484.0,0.0,0.0
2026-05-13 11:56:26,11:56:26,IWM,282.32,20167972.0,7829502.0,12338470.0,0.0,0.0
2026-05-13 11:58:31,11:58:31,IWM,282.47,20383028.0,7610085.0,12772943.0,0.0,0.0
2026-05-13 12:00:25,12:00:25,IWM,282.42,21477739.0,7310478.0,14167261.0,0.0,0.0
2026-05-13 12:02:27,12:02:27,IWM,282.35,20062701.0,7724439.0,12338262.0,0.0,0.0
2026-05-13 12:04:27,12:04:27,IWM,282.57,22441501.0,6948733.0,15492768.0,0.0,0.0
2026-05-13 12:06:26,12:06:26,IWM,282.615,23375276.0,6852550.0,16522726.0,0.0,0.0
2026-05-13 12:08:27,12:08:27,IWM,282.545,22486221.0,7066950.0,15419271.0,0.0,0.0
2026-05-13 12:10:27,12:10:27,IWM,282.37,20321169.0,7521970.0,12799199.0,0.0,0.0
2026-05-13 12:12:27,12:12:27,IWM,282.42,20752964.0,7441370.0,13311594.0,0.0,0.0
2026-05-13 12:14:25,12:14:25,IWM,282.36,20556755.0,7639188.0,12917567.0,0.0,0.0
2026-05-13 12:16:25,12:16:25,IWM,282.24,19074857.0,8219434.0,10855423.0,0.0,0.0
2026-05-13 12:18:26,12:18:26,IWM,282.25,18810795.0,8219149.0,10591646.0,0.0,0.0
2026-05-13 12:20:25,12:20:25,IWM,282.36,19729807.0,8139321.0,11590486.0,0.0,0.0
2026-05-13 12:22:26,12:22:26,IWM,282.33,19778133.0,7806044.0,11972089.0,0.0,0.0
2026-05-13 12:24:26,12:24:26,IWM,282.4799,20324664.0,7512430.0,12812234.0,0.0,0.0
2026-05-13 12:24:45,12:24:45,IWM,282.52,21210328.0,7339323.0,13871005.0,0.0,0.0
2026-05-13 12:24:57,12:24:57,IWM,282.52,21184666.0,7403017.0,13781649.0,0.0,0.0
2026-05-13 12:25:12,12:25:12,IWM,282.46,21425945.0,7403643.0,14022302.0,0.0,0.0
2026-05-13 12:25:28,12:25:28,IWM,282.47,20895447.0,7372155.0,13523292.0,0.0,0.0
2026-05-13 12:25:44,12:25:44,IWM,282.47,20962545.0,7347142.0,13615403.0,0.0,0.0
2026-05-13 12:25:56,12:25:56,IWM,282.475,21111956.0,7332987.0,13778969.0,0.0,0.0
2026-05-13 12:26:13,12:26:13,IWM,282.51,21284480.0,7258185.0,14026295.0,0.0,0.0
2026-05-13 12:26:28,12:26:28,IWM,282.49,21328129.0,7221620.0,14106509.0,0.0,0.0
2026-05-13 12:26:43,12:26:43,IWM,282.48,21071619.0,7238273.0,13833346.0,0.0,0.0
2026-05-13 12:27:00,12:27:00,IWM,282.46,20998938.0,7255745.0,13743193.0,0.0,0.0
2026-05-13 12:27:11,12:27:11,IWM,282.455,20834732.0,7325782.0,13508950.0,0.0,0.0
2026-05-13 12:27:28,12:27:28,IWM,282.4551,20815016.0,7330320.0,13484696.0,0.0,0.0
2026-05-13 12:27:42,12:27:42,IWM,282.3935,20429500.0,7435538.0,12993962.0,0.0,0.0
2026-05-13 12:28:00,12:28:00,IWM,282.41,20378919.0,7386506.0,12992413.0,0.0,0.0
2026-05-13 12:28:12,12:28:12,IWM,282.39,20359770.0,7393882.0,12965888.0,0.0,0.0
2026-05-13 12:28:28,12:28:28,IWM,282.425,20299951.0,7321198.0,12978753.0,0.0,0.0
2026-05-13 12:28:47,12:28:47,IWM,282.395,20230743.0,7398165.0,12832578.0,0.0,0.0
2026-05-13 12:28:59,12:28:59,IWM,282.4,19943715.0,7431024.0,12512691.0,0.0,0.0
2026-05-13 12:29:17,12:29:17,IWM,282.33,19746077.0,7703752.0,12042325.0,0.0,0.0
2026-05-13 12:29:30,12:29:30,IWM,282.33,19721671.0,7658202.0,12063469.0,0.0,0.0
2026-05-13 12:29:43,12:29:43,IWM,282.29,19160023.0,7762397.0,11397626.0,0.0,0.0
2026-05-13 12:29:57,12:29:57,IWM,282.27,19015877.0,7908510.0,11107367.0,0.0,0.0
2026-05-13 12:30:15,12:30:15,IWM,282.29,18781998.0,7803382.0,10978616.0,0.0,0.0
2026-05-13 12:30:33,12:30:33,IWM,282.32,19050054.0,7758517.0,11291537.0,0.0,0.0
2026-05-13 12:30:45,12:30:45,IWM,282.31,19132744.0,7810226.0,11322518.0,0.0,0.0
2026-05-13 12:30:57,12:30:57,IWM,282.305,19256269.0,7826061.0,11430208.0,0.0,0.0
2026-05-13 12:50:18,12:50:18,IWM,282.575,21983087.0,6748134.0,15234953.0,0.0,0.0
2026-05-13 12:50:34,12:50:34,IWM,282.5901,22282008.0,6705239.0,15576769.0,0.0,0.0
2026-05-13 12:50:51,12:50:51,IWM,282.645,22520281.0,6644178.0,15876103.0,0.0,0.0
2026-05-13 12:51:02,12:51:02,IWM,282.635,22803515.0,6675379.0,16128136.0,0.0,0.0
2026-05-13 12:51:18,12:51:18,IWM,282.635,22855344.0,6674426.0,16180918.0,0.0,0.0
2026-05-13 12:51:33,12:51:33,IWM,282.675,23039238.0,6544052.0,16495186.0,0.0,0.0
2026-05-13 12:51:48,12:51:48,IWM,282.66,22968139.0,6548230.0,16419909.0,0.0,0.0
2026-05-13 12:52:04,12:52:04,IWM,282.655,22769285.0,6564324.0,16204961.0,0.0,0.0
2026-05-13 12:52:20,12:52:20,IWM,282.6,22579945.0,6649199.0,15930746.0,0.0,0.0
2026-05-13 12:52:35,12:52:35,IWM,282.66,23149856.0,6607439.0,16542417.0,0.0,0.0
2026-05-13 12:52:51,12:52:51,IWM,282.62,23103720.0,6566732.0,16536988.0,0.0,0.0
2026-05-13 12:53:03,12:53:03,IWM,282.615,22746047.0,6587634.0,16158413.0,0.0,0.0
2026-05-13 12:53:29,12:53:29,IWM,282.62,22668567.0,6747487.0,15921080.0,0.0,0.0
2026-05-13 12:55:24,12:55:24,IWM,282.63,22861924.0,6572495.0,16289429.0,0.0,0.0
2026-05-13 12:57:24,12:57:24,IWM,282.61,23440018.0,6552235.0,16887783.0,0.0,0.0
2026-05-13 12:59:26,12:59:26,IWM,282.56,22082547.0,6904989.0,15177558.0,0.0,0.0
2026-05-13 13:01:26,13:01:26,IWM,282.56,22066343.0,6940328.0,15126015.0,0.0,0.0
2026-05-13 13:03:25,13:03:25,IWM,282.6601,23830941.0,6403080.0,17427861.0,0.0,0.0
2026-05-13 13:05:25,13:05:25,IWM,282.73,24118852.0,6515259.0,17603593.0,0.0,0.0
2026-05-13 13:07:26,13:07:26,IWM,282.79,25123949.0,6292553.0,18831396.0,0.0,0.0
2026-05-13 13:09:28,13:09:28,IWM,282.75,24824665.0,6314705.0,18509960.0,0.0,0.0
2026-05-13 13:11:28,13:11:28,IWM,282.86,26444846.0,6079169.0,20365677.0,0.0,0.0
2026-05-13 13:13:28,13:13:28,IWM,283.12,30330607.0,5255826.0,25074781.0,0.0,0.0
2026-05-13 13:15:26,13:15:26,IWM,283.17,31604843.0,5125357.0,26479486.0,0.0,0.0
2026-05-13 13:17:27,13:17:27,IWM,283.12,31131011.0,5346053.0,25784958.0,0.0,0.0
2026-05-13 13:19:25,13:19:25,IWM,283.23,32461642.0,5113374.0,27348268.0,0.0,0.0
2026-05-13 13:21:27,13:21:27,IWM,283.215,32430074.0,5191465.0,27238609.0,0.0,0.0
2026-05-13 13:23:28,13:23:28,IWM,283.15,31334716.0,5402917.0,25931799.0,0.0,0.0
2026-05-13 13:25:28,13:25:28,IWM,283.07,30899328.0,5354890.0,25544438.0,0.0,0.0
2026-05-13 13:27:25,13:27:25,IWM,283.105,30486744.0,5382377.0,25104367.0,0.0,0.0
2026-05-13 13:29:25,13:29:25,IWM,282.97,29498339.0,6103082.0,23395257.0,0.0,0.0
2026-05-13 13:31:25,13:31:25,IWM,282.89,28331130.0,6673472.0,21657658.0,0.0,0.0
2026-05-13 13:33:25,13:33:25,IWM,282.78,27899387.0,6770560.0,21128827.0,0.0,0.0
2026-05-13 13:35:24,13:35:24,IWM,282.71,25870147.0,7209991.0,18660156.0,0.0,0.0
2026-05-13 13:37:26,13:37:26,IWM,282.7,26145297.0,7323045.0,18822252.0,0.0,0.0
2026-05-13 13:39:26,13:39:26,IWM,282.9,28747989.0,6845114.0,21902875.0,0.0,0.0
2026-05-13 13:41:24,13:41:24,IWM,282.88,28327139.0,6902768.0,21424371.0,0.0,0.0
2026-05-13 13:43:29,13:43:29,IWM,282.755,27101019.0,7126071.0,19974948.0,0.0,0.0
2026-05-13 13:44:03,13:44:03,IWM,282.805,27372751.0,7025242.0,20347509.0,0.0,0.0
2026-05-13 13:44:17,13:44:17,IWM,282.86,27524195.0,7002065.0,20522130.0,0.0,0.0
2026-05-13 13:44:35,13:44:35,IWM,282.79,27561882.0,7068748.0,20493134.0,0.0,0.0
2026-05-13 13:44:51,13:44:51,IWM,282.84,27589879.0,7009578.0,20580301.0,0.0,0.0
2026-05-13 13:45:06,13:45:06,IWM,282.85,27651926.0,6972996.0,20678930.0,0.0,0.0
2026-05-13 13:45:21,13:45:21,IWM,282.84,27726218.0,6976440.0,20749778.0,0.0,0.0
2026-05-13 13:45:34,13:45:34,IWM,282.84,27849854.0,6907903.0,20941951.0,0.0,0.0
2026-05-13 13:45:50,13:45:50,IWM,282.78,27117619.0,6964788.0,20152831.0,0.0,0.0
2026-05-13 13:46:07,13:46:07,IWM,282.77,27033209.0,7011716.0,20021493.0,0.0,0.0
2026-05-13 13:46:20,13:46:20,IWM,282.72,26822567.0,7155616.0,19666951.0,0.0,0.0
2026-05-13 13:46:33,13:46:33,IWM,282.76,26715521.0,7154944.0,19560577.0,0.0,0.0
2026-05-13 13:46:50,13:46:50,IWM,282.76,26770673.0,7064092.0,19706581.0,0.0,0.0
2026-05-13 13:47:02,13:47:02,IWM,282.75,26724765.0,7065379.0,19659386.0,0.0,0.0
2026-05-13 13:47:17,13:47:17,IWM,282.755,26731501.0,7065566.0,19665935.0,0.0,0.0
2026-05-13 13:47:33,13:47:33,IWM,282.81,27086091.0,7028759.0,20057332.0,0.0,0.0
2026-05-13 13:47:50,13:47:50,IWM,282.75,26961233.0,6949452.0,20011781.0,0.0,0.0
2026-05-13 13:48:02,13:48:02,IWM,282.74,26961693.0,6963253.0,19998440.0,0.0,0.0
2026-05-13 13:48:19,13:48:19,IWM,282.78,26953982.0,7136427.0,19817555.0,0.0,0.0
2026-05-13 13:48:31,13:48:31,IWM,282.815,26986304.0,7199262.0,19787042.0,0.0,0.0
2026-05-13 13:48:48,13:48:48,IWM,282.83,27022050.0,7126993.0,19895057.0,0.0,0.0
2026-05-13 13:49:02,13:49:02,IWM,282.85,27426302.0,7103557.0,20322745.0,0.0,0.0
2026-05-13 13:49:16,13:49:16,IWM,282.845,27468977.0,7066979.0,20401998.0,0.0,0.0
2026-05-13 13:49:32,13:49:32,IWM,282.82,27480834.0,7032553.0,20448281.0,0.0,0.0
2026-05-13 13:49:47,13:49:47,IWM,282.81,27462714.0,6974380.0,20488334.0,0.0,0.0
2026-05-13 13:50:03,13:50:03,IWM,282.91,28356400.0,6930590.0,21425810.0,0.0,0.0
2026-05-13 13:50:18,13:50:18,IWM,282.89,28253977.0,7026558.0,21227419.0,0.0,0.0
2026-05-13 13:50:32,13:50:32,IWM,282.95,28822750.0,6865991.0,21956759.0,0.0,0.0
2026-05-13 13:52:25,13:52:25,IWM,282.94,29201558.0,6756196.0,22445362.0,0.0,0.0
2026-05-13 13:52:41,13:52:41,IWM,282.96,29588008.0,6850981.0,22737027.0,0.0,0.0
2026-05-13 13:52:55,13:52:55,IWM,282.95,29589248.0,6654228.0,22935020.0,0.0,0.0
2026-05-13 13:53:10,13:53:10,IWM,282.92,28970834.0,6608331.0,22362503.0,0.0,0.0
2026-05-13 13:53:25,13:53:25,IWM,282.98,29305761.0,6579924.0,22725837.0,0.0,0.0
2026-05-13 13:53:40,13:53:40,IWM,282.97,29711127.0,6602899.0,23108228.0,0.0,0.0
2026-05-13 13:53:54,13:53:54,IWM,282.96,29809214.0,6602899.0,23206315.0,0.0,0.0
2026-05-13 13:54:10,13:54:10,IWM,282.92,29345343.0,6712897.0,22632446.0,0.0,0.0
2026-05-13 13:54:27,13:54:27,IWM,282.92,29237201.0,6775207.0,22461994.0,0.0,0.0
2026-05-13 13:54:36,13:54:36,IWM,282.87,29237311.0,6812776.0,22424535.0,0.0,0.0
2026-05-13 13:54:45,13:54:45,IWM,282.85,28945252.0,6857553.0,22087699.0,0.0,0.0
2026-05-13 13:55:05,13:55:05,IWM,282.82,28223308.0,6849929.0,21373379.0,0.0,0.0
2026-05-13 13:55:26,13:55:26,IWM,282.89,28245260.0,6791371.0,21453889.0,0.0,0.0
2026-05-13 13:55:35,13:55:35,IWM,282.87,28229442.0,6861736.0,21367706.0,0.0,0.0
2026-05-13 13:55:50,13:55:50,IWM,282.88,28356820.0,6848468.0,21508352.0,0.0,0.0
2026-05-13 13:56:03,13:56:03,IWM,282.86,28341470.0,6917173.0,21424297.0,0.0,0.0
2026-05-13 13:56:18,13:56:18,IWM,282.86,28278324.0,6917174.0,21361150.0,0.0,0.0
2026-05-13 13:56:34,13:56:34,IWM,282.84,28089187.0,6803309.0,21285878.0,0.0,0.0
2026-05-13 13:56:48,13:56:48,IWM,282.83,28128406.0,6849866.0,21278540.0,0.0,0.0
2026-05-13 13:57:01,13:57:01,IWM,282.8,27989627.0,6849866.0,21139761.0,0.0,0.0
2026-05-13 13:57:19,13:57:19,IWM,282.75,27006103.0,7033261.0,19972842.0,0.0,0.0
2026-05-13 13:57:33,13:57:33,IWM,282.76,26468872.0,7033030.0,19435842.0,0.0,0.0
2026-05-13 13:57:50,13:57:50,IWM,282.72,25728043.0,7199670.0,18528373.0,0.0,0.0
2026-05-13 13:58:03,13:58:03,IWM,282.67,25316517.0,7393164.0,17923353.0,0.0,0.0
2026-05-13 13:58:22,13:58:22,IWM,282.705,25473576.0,7488308.0,17985268.0,0.0,0.0
2026-05-13 13:58:37,13:58:37,IWM,282.77,26240340.0,7331939.0,18908401.0,0.0,0.0
2026-05-13 13:58:52,13:58:52,IWM,282.82,26407712.0,7294311.0,19113401.0,0.0,0.0
2026-05-13 13:59:06,13:59:06,IWM,282.86,28094839.0,7304492.0,20790347.0,0.0,0.0
2026-05-13 13:59:21,13:59:21,IWM,282.86,28358204.0,7241797.0,21116407.0,0.0,0.0
2026-05-13 13:59:36,13:59:36,IWM,282.89,28460940.0,7165108.0,21295832.0,0.0,0.0
2026-05-13 13:59:50,13:59:50,IWM,282.9,28438969.0,7098584.0,21340385.0,0.0,0.0
2026-05-13 14:00:07,14:00:07,IWM,282.94,29066408.0,6886599.0,22179809.0,0.0,0.0
2026-05-13 14:00:24,14:00:24,IWM,282.9,28762082.0,6880564.0,21881518.0,0.0,0.0
2026-05-13 14:00:36,14:00:36,IWM,282.88,28686550.0,6858504.0,21828046.0,0.0,0.0
2026-05-13 14:00:52,14:00:52,IWM,282.93,29315379.0,6835197.0,22480182.0,0.0,0.0
2026-05-13 14:01:05,14:01:05,IWM,282.92,28913120.0,6817165.0,22095955.0,0.0,0.0
2026-05-13 14:01:21,14:01:21,IWM,282.91,28880764.0,6845746.0,22035018.0,0.0,0.0
2026-05-13 14:01:35,14:01:35,IWM,282.905,28879165.0,6757590.0,22121575.0,0.0,0.0
2026-05-13 14:01:52,14:01:52,IWM,282.985,29328652.0,6733677.0,22594975.0,0.0,0.0
2026-05-13 14:02:04,14:02:04,IWM,282.99,30085299.0,6627157.0,23458142.0,0.0,0.0
2026-05-13 14:02:19,14:02:19,IWM,283.05,30425291.0,6263937.0,24161354.0,0.0,0.0
2026-05-13 14:02:36,14:02:36,IWM,283.05,30616474.0,6090595.0,24525879.0,0.0,0.0
2026-05-13 14:02:53,14:02:53,IWM,283.08,31187498.0,6013346.0,25174152.0,0.0,0.0
2026-05-13 14:03:07,14:03:07,IWM,283.05,31237086.0,6001669.0,25235417.0,0.0,0.0
2026-05-13 14:03:23,14:03:23,IWM,283.04,31138449.0,6073703.0,25064746.0,0.0,0.0
2026-05-13 14:03:36,14:03:36,IWM,283.06,31296538.0,6147392.0,25149146.0,0.0,0.0
2026-05-13 14:03:52,14:03:52,IWM,283.08,31707097.0,6045402.0,25661695.0,0.0,0.0
2026-05-13 14:04:07,14:04:07,IWM,283.05,31609477.0,6103428.0,25506049.0,0.0,0.0
2026-05-13 14:04:22,14:04:22,IWM,282.96,31031036.0,6537168.0,24493868.0,0.0,0.0
2026-05-13 14:04:35,14:04:35,IWM,283.0,30652224.0,6735025.0,23917199.0,0.0,0.0
2026-05-13 14:04:54,14:04:54,IWM,283.01,29562875.0,6294241.0,23268634.0,0.0,0.0
2026-05-13 14:05:06,14:05:06,IWM,282.95,29826534.0,6673310.0,23153224.0,0.0,0.0
2026-05-13 14:05:22,14:05:22,IWM,282.93,30013062.0,7015626.0,22997436.0,0.0,0.0
2026-05-13 14:05:40,14:05:40,IWM,282.95,30013155.0,6917081.0,23096074.0,0.0,0.0
2026-05-13 14:05:52,14:05:52,IWM,283.005,30069477.0,6525341.0,23544136.0,0.0,0.0
2026-05-13 14:06:05,14:06:05,IWM,283.025,30786477.0,6638860.0,24147617.0,0.0,0.0
2026-05-13 14:06:20,14:06:20,IWM,282.99,30879437.0,6948346.0,23931091.0,0.0,0.0
2026-05-13 14:06:36,14:06:36,IWM,283.02,30696279.0,6536852.0,24159427.0,0.0,0.0
2026-05-13 14:06:54,14:06:54,IWM,283.041,31112912.0,6510933.0,24601979.0,0.0,0.0
2026-05-13 14:07:06,14:07:06,IWM,283.09,31115426.0,6391528.0,24723898.0,0.0,0.0
2026-05-13 14:07:21,14:07:21,IWM,283.06,31117744.0,6452013.0,24665731.0,0.0,0.0
2026-05-13 14:07:35,14:07:35,IWM,283.1,31203895.0,6398971.0,24804924.0,0.0,0.0
2026-05-13 14:07:52,14:07:52,IWM,283.14,32219146.0,6223231.0,25995915.0,0.0,0.0
2026-05-13 14:08:05,14:08:05,IWM,283.17,33032700.0,6278506.0,26754194.0,0.0,0.0
2026-05-13 14:08:23,14:08:23,IWM,283.16,33289000.0,6193903.0,27095097.0,0.0,0.0
2026-05-13 14:08:41,14:08:41,IWM,283.185,33615325.0,6183806.0,27431519.0,0.0,0.0
2026-05-13 14:08:51,14:08:51,IWM,283.21,34124094.0,6183727.0,27940367.0,0.0,0.0
2026-05-13 14:09:06,14:09:06,IWM,283.21,34073363.0,6054356.0,28019007.0,0.0,0.0
2026-05-13 14:09:22,14:09:22,IWM,283.2,33979949.0,5945276.0,28034673.0,0.0,0.0
2026-05-13 14:09:37,14:09:37,IWM,283.13,33227113.0,5983576.0,27243537.0,0.0,0.0
2026-05-13 14:09:50,14:09:50,IWM,283.15,32859691.0,6102670.0,26757021.0,0.0,0.0
2026-05-13 14:10:06,14:10:06,IWM,283.11,32999290.0,6165999.0,26833291.0,0.0,0.0
2026-05-13 14:10:22,14:10:22,IWM,283.14,32884867.0,6120768.0,26764099.0,0.0,0.0
2026-05-13 14:10:39,14:10:39,IWM,283.15,33066379.0,6362119.0,26704260.0,0.0,0.0
2026-05-13 14:10:51,14:10:51,IWM,283.145,33285749.0,6471844.0,26813905.0,0.0,0.0
2026-05-13 14:11:06,14:11:06,IWM,283.165,33692399.0,6348988.0,27343411.0,0.0,0.0
2026-05-13 14:11:22,14:11:22,IWM,283.15,33871586.0,6448050.0,27423536.0,0.0,0.0
2026-05-13 14:11:38,14:11:38,IWM,283.18,33850696.0,6378537.0,27472159.0,0.0,0.0
2026-05-13 14:11:51,14:11:51,IWM,283.2201,34451643.0,6323517.0,28128126.0,0.0,0.0
2026-05-13 14:12:09,14:12:09,IWM,283.2,34347173.0,6312168.0,28035005.0,0.0,0.0
2026-05-13 14:12:21,14:12:21,IWM,283.235,34637531.0,6298998.0,28338533.0,0.0,0.0
2026-05-13 14:12:36,14:12:36,IWM,283.275,35478153.0,6268147.0,29210006.0,0.0,0.0
2026-05-13 14:12:53,14:12:53,IWM,283.29,35808840.0,6202461.0,29606379.0,0.0,0.0
2026-05-13 14:13:06,14:13:06,IWM,283.28,35982068.0,6195261.0,29786807.0,0.0,0.0
2026-05-13 14:13:23,14:13:23,IWM,283.305,35885014.0,6181557.0,29703457.0,0.0,0.0
2026-05-13 14:13:39,14:13:39,IWM,283.245,35496512.0,6258156.0,29238356.0,0.0,0.0
2026-05-13 14:13:51,14:13:51,IWM,283.205,34714047.0,6282888.0,28431159.0,0.0,0.0
2026-05-13 14:14:07,14:14:07,IWM,283.245,34619422.0,6263493.0,28355929.0,0.0,0.0
2026-05-13 14:14:23,14:14:23,IWM,283.205,34233417.0,6353923.0,27879494.0,0.0,0.0
2026-05-13 14:14:36,14:14:36,IWM,283.185,34227221.0,6359047.0,27868174.0,0.0,0.0
2026-05-13 14:14:52,14:14:52,IWM,283.205,34399906.0,6316996.0,28082910.0,0.0,0.0
2026-05-13 14:15:06,14:15:06,IWM,283.19,34309008.0,6317019.0,27991989.0,0.0,0.0
2026-05-13 14:15:21,14:15:21,IWM,283.315,35497347.0,6179372.0,29317975.0,0.0,0.0
2026-05-13 14:15:36,14:15:36,IWM,283.335,36409060.0,6169251.0,30239809.0,0.0,0.0
2026-05-13 14:15:51,14:15:51,IWM,283.36,36873194.0,6092032.0,30781162.0,0.0,0.0
2026-05-13 14:16:07,14:16:07,IWM,283.37,37529086.0,6069178.0,31459908.0,0.0,0.0
2026-05-13 14:16:24,14:16:24,IWM,283.43,38414268.0,5924218.0,32490050.0,0.0,0.0
2026-05-13 14:16:35,14:16:35,IWM,283.46,38697564.0,5934688.0,32762876.0,0.0,0.0
2026-05-13 14:16:51,14:16:51,IWM,283.49,39569805.0,5828311.0,33741494.0,0.0,0.0
2026-05-13 14:17:05,14:17:05,IWM,283.53,40433496.0,5810770.0,34622726.0,0.0,0.0
2026-05-13 14:17:20,14:17:20,IWM,283.525,40990805.0,5777966.0,35212839.0,0.0,0.0
2026-05-13 14:17:36,14:17:36,IWM,283.485,40065753.0,5807440.0,34258313.0,0.0,0.0
2026-05-13 14:17:49,14:17:49,IWM,283.52,40205054.0,5701288.0,34503766.0,0.0,0.0
2026-05-13 14:18:05,14:18:05,IWM,283.48,40018337.0,5805440.0,34212897.0,0.0,0.0
2026-05-13 14:18:20,14:18:20,IWM,283.52,40317317.0,5757723.0,34559594.0,0.0,0.0
2026-05-13 14:18:38,14:18:38,IWM,283.48,39890405.0,5802922.0,34087483.0,0.0,0.0
2026-05-13 14:18:51,14:18:51,IWM,283.425,39569598.0,5854728.0,33714870.0,0.0,0.0
2026-05-13 14:19:06,14:19:06,IWM,283.41,38271511.0,5917005.0,32354506.0,0.0,0.0
2026-05-13 14:19:21,14:19:21,IWM,283.375,38011662.0,5987081.0,32024581.0,0.0,0.0
2026-05-13 14:19:36,14:19:36,IWM,283.36,37579035.0,6066851.0,31512184.0,0.0,0.0
2026-05-13 14:19:50,14:19:50,IWM,283.29,37242802.0,6194612.0,31048190.0,0.0,0.0
2026-05-13 14:20:06,14:20:06,IWM,283.3,37171065.0,6130994.0,31040071.0,0.0,0.0
2026-05-13 14:20:20,14:20:20,IWM,283.35,37146550.0,6072359.0,31074191.0,0.0,0.0
2026-05-13 14:20:37,14:20:37,IWM,283.3,36457443.0,6105575.0,30351868.0,0.0,0.0
2026-05-13 14:20:53,14:20:53,IWM,283.305,36462247.0,6075877.0,30386370.0,0.0,0.0
2026-05-13 14:21:05,14:21:05,IWM,283.33,36868568.0,6214570.0,30653998.0,0.0,0.0
2026-05-13 14:21:21,14:21:21,IWM,283.35,36870117.0,6189960.0,30680157.0,0.0,0.0
2026-05-13 14:21:35,14:21:35,IWM,283.36,37185077.0,6074757.0,31110320.0,0.0,0.0
2026-05-13 14:21:51,14:21:51,IWM,283.33,37209838.0,6067862.0,31141976.0,0.0,0.0
2026-05-13 14:22:05,14:22:05,IWM,283.31,36850220.0,6082241.0,30767979.0,0.0,0.0
2026-05-13 14:22:21,14:22:21,IWM,283.325,36830573.0,6155470.0,30675103.0,0.0,0.0
2026-05-13 14:22:36,14:22:36,IWM,283.345,37049131.0,6133938.0,30915193.0,0.0,0.0
2026-05-13 14:22:52,14:22:52,IWM,283.295,36766720.0,6188841.0,30577879.0,0.0,0.0
2026-05-13 14:23:07,14:23:07,IWM,283.26,36287409.0,6165077.0,30122332.0,0.0,0.0
2026-05-13 14:23:21,14:23:21,IWM,283.22,35759768.0,6200686.0,29559082.0,0.0,0.0
2026-05-13 14:23:36,14:23:36,IWM,283.285,35424376.0,6225456.0,29198920.0,0.0,0.0
2026-05-13 14:23:52,14:23:52,IWM,283.32,35700307.0,6130663.0,29569644.0,0.0,0.0
2026-05-13 14:24:04,14:24:04,IWM,283.29,35855920.0,6130871.0,29725049.0,0.0,0.0
2026-05-13 14:24:20,14:24:20,IWM,283.275,35767690.0,6187351.0,29580339.0,0.0,0.0
2026-05-13 14:24:35,14:24:35,IWM,283.27,35752408.0,6161831.0,29590577.0,0.0,0.0
2026-05-13 14:24:50,14:24:50,IWM,283.255,35559230.0,6189207.0,29370023.0,0.0,0.0
2026-05-13 14:25:05,14:25:05,IWM,283.27,35831050.0,6192218.0,29638832.0,0.0,0.0
2026-05-13 14:25:21,14:25:21,IWM,283.315,36278402.0,6178167.0,30100235.0,0.0,0.0
2026-05-13 14:25:36,14:25:36,IWM,283.3,36689930.0,6176758.0,30513172.0,0.0,0.0
2026-05-13 14:25:51,14:25:51,IWM,283.305,36686963.0,6146076.0,30540887.0,0.0,0.0
2026-05-13 14:26:05,14:26:05,IWM,283.33,36889715.0,6121165.0,30768550.0,0.0,0.0
2026-05-13 14:26:22,14:26:22,IWM,283.29,36526031.0,6117695.0,30408336.0,0.0,0.0
2026-05-13 14:26:36,14:26:36,IWM,283.29,36395157.0,6148577.0,30246580.0,0.0,0.0
2026-05-13 14:26:52,14:26:52,IWM,283.27,36227602.0,6190882.0,30036720.0,0.0,0.0
2026-05-13 14:27:05,14:27:05,IWM,283.24,36132470.0,6191435.0,29941035.0,0.0,0.0
2026-05-13 14:27:20,14:27:20,IWM,283.24,35278756.0,6213069.0,29065687.0,0.0,0.0
2026-05-13 14:27:35,14:27:35,IWM,283.215,34780512.0,6219921.0,28560591.0,0.0,0.0
2026-05-13 14:27:51,14:27:51,IWM,283.22,34874353.0,6246731.0,28627622.0,0.0,0.0
2026-05-13 14:28:05,14:28:05,IWM,283.25,35085956.0,6239791.0,28846165.0,0.0,0.0
2026-05-13 14:28:24,14:28:24,IWM,283.305,35211943.0,6169428.0,29042515.0,0.0,0.0
2026-05-13 14:28:40,14:28:40,IWM,283.29,36185098.0,6170488.0,30014610.0,0.0,0.0
2026-05-13 14:28:57,14:28:57,IWM,283.26,36256124.0,6236635.0,30019489.0,0.0,0.0
2026-05-13 14:29:09,14:29:09,IWM,283.31,36195209.0,6251556.0,29943653.0,0.0,0.0
2026-05-13 14:29:22,14:29:22,IWM,283.34,36914640.0,6136004.0,30778636.0,0.0,0.0
2026-05-13 14:29:35,14:29:35,IWM,283.33,36898067.0,6136991.0,30761076.0,0.0,0.0
2026-05-13 14:31:26,14:31:26,IWM,283.26,35707314.0,6226983.0,29480331.0,0.0,0.0
2026-05-13 14:33:26,14:33:26,IWM,283.11,33217474.0,6534114.0,26683360.0,0.0,0.0
2026-05-13 14:35:29,14:35:29,IWM,283.17,32253894.0,6463076.0,25790818.0,0.0,0.0
2026-05-13 14:37:28,14:37:28,IWM,283.23,35299833.0,6208685.0,29091148.0,0.0,0.0
2026-05-13 14:39:25,14:39:25,IWM,283.24,35234192.0,6153129.0,29081063.0,0.0,0.0
2026-05-13 14:41:25,14:41:25,IWM,283.11,33245856.0,6454685.0,26791171.0,0.0,0.0
2026-05-13 14:43:29,14:43:29,IWM,283.04,31560574.0,6773810.0,24786764.0,0.0,0.0
2026-05-13 14:45:29,14:45:29,IWM,282.97,30388259.0,7482607.0,22905652.0,0.0,0.0
2026-05-13 14:47:24,14:47:24,IWM,282.85,27998381.0,7674590.0,20323791.0,0.0,0.0
2026-05-13 14:49:28,14:49:28,IWM,282.65,25786558.0,8534701.0,17251857.0,0.0,0.0
2026-05-13 14:51:18,14:51:18,IWM,282.665,25375194.0,8644736.0,16730458.0,0.0,0.0
2026-05-13 14:51:36,14:51:36,IWM,282.71,25581698.0,8511293.0,17070405.0,0.0,0.0
2026-05-13 14:51:53,14:51:53,IWM,282.755,25597681.0,8443557.0,17154124.0,0.0,0.0
2026-05-13 14:52:06,14:52:06,IWM,282.73,26049431.0,8571422.0,17478009.0,0.0,0.0
2026-05-13 14:52:20,14:52:20,IWM,282.75,26293169.0,8491179.0,17801990.0,0.0,0.0
2026-05-13 14:54:27,14:54:27,IWM,282.63,24577483.0,9124167.0,15453316.0,0.0,0.0
2026-05-13 14:56:26,14:56:26,IWM,282.74,27062140.0,8578802.0,18483338.0,0.0,0.0
2026-05-13 14:58:27,14:58:27,IWM,282.69,25662212.0,8980331.0,16681881.0,0.0,0.0
2026-05-13 15:00:26,15:00:26,IWM,282.69,27111051.0,8425715.0,18685336.0,0.0,0.0
2026-05-13 15:02:26,15:02:26,IWM,282.69,29286776.0,8627478.0,20659298.0,0.0,0.0
2026-05-13 15:04:29,15:04:29,IWM,282.69,27842672.0,8722749.0,19119923.0,0.0,0.0
2026-05-13 15:06:29,15:06:29,IWM,282.69,27759332.0,9032245.0,18727087.0,0.0,0.0
2026-05-13 15:08:30,15:08:30,IWM,282.67,25978470.0,9371997.0,16606473.0,0.0,0.0
2026-05-13 15:10:29,15:10:29,IWM,282.67,25641175.0,9453944.0,16187231.0,0.0,0.0
2026-05-13 15:12:27,15:12:27,IWM,282.67,25589089.0,8956444.0,16632645.0,0.0,0.0
2026-05-13 15:14:27,15:14:27,IWM,282.67,25659211.0,9093428.0,16565783.0,0.0,0.0
2026-05-13 15:16:27,15:16:27,IWM,282.67,25659211.0,9093428.0,16565783.0,0.0,0.0
2026-05-13 15:18:28,15:18:28,IWM,282.67,25659211.0,9093428.0,16565783.0,0.0,0.0
2026-05-13 15:20:25,15:20:25,IWM,282.67,25659211.0,9093428.0,16565783.0,0.0,0.0
2026-05-13 15:22:26,15:22:26,IWM,282.67,25659211.0,9093428.0,16565783.0,0.0,0.0
2026-05-13 15:24:26,15:24:26,IWM,282.67,25659211.0,9093428.0,16565783.0,0.0,0.0
2026-05-13 15:26:28,15:26:28,IWM,282.67,25659211.0,9093428.0,16565783.0,0.0,0.0
2026-05-13 15:28:28,15:28:28,IWM,282.67,25659211.0,9093428.0,16565783.0,0.0,0.0
2026-05-13 15:30:28,15:30:28,IWM,282.67,25659211.0,9093428.0,16565783.0,0.0,0.0
2026-05-13 15:32:29,15:32:29,IWM,282.67,25659211.0,9093428.0,16565783.0,0.0,0.0
2026-05-13 15:34:28,15:34:28,IWM,282.67,25659211.0,9093428.0,16565783.0,0.0,0.0
2026-05-13 15:36:25,15:36:25,IWM,282.67,25659211.0,9093428.0,16565783.0,0.0,0.0
2026-05-13 15:38:24,15:38:24,IWM,282.67,25659211.0,9093428.0,16565783.0,0.0,0.0
2026-05-14 07:08:53,07:08:53,IWM,282.67,30647271.0,11209544.0,19437727.0,0.0,0.0
2026-05-14 07:31:02,07:31:02,IWM,282.67,30647271.0,11209544.0,19437727.0,0.0,0.0
2026-05-14 07:31:20,07:31:20,IWM,282.67,30647271.0,11209544.0,19437727.0,0.0,0.0
2026-05-14 07:31:39,07:31:39,IWM,282.67,30647271.0,11209544.0,19437727.0,0.0,0.0
2026-05-14 07:31:51,07:31:51,IWM,282.67,30647271.0,11209544.0,19437727.0,0.0,0.0
2026-05-14 07:32:06,07:32:06,IWM,282.67,30647271.0,11209544.0,19437727.0,0.0,0.0
2026-05-14 07:32:21,07:32:21,IWM,282.67,30647271.0,11209544.0,19437727.0,0.0,0.0
2026-05-14 07:32:35,07:32:35,IWM,282.67,30647271.0,11209544.0,19437727.0,0.0,0.0
2026-05-14 07:32:51,07:32:51,IWM,282.67,30647271.0,11209544.0,19437727.0,0.0,0.0
2026-05-14 07:33:05,07:33:05,IWM,282.67,30647271.0,11209544.0,19437727.0,0.0,0.0
2026-05-14 07:33:19,07:33:19,IWM,282.67,30647271.0,11209544.0,19437727.0,0.0,0.0
2026-05-14 07:33:33,07:33:33,IWM,282.67,30647271.0,11209544.0,19437727.0,0.0,0.0
2026-05-14 07:33:49,07:33:49,IWM,282.67,30647271.0,11209544.0,19437727.0,0.0,0.0
2026-05-14 07:34:05,07:34:05,IWM,282.67,30647271.0,11209544.0,19437727.0,0.0,0.0
2026-05-14 07:34:22,07:34:22,IWM,282.67,30647271.0,11209544.0,19437727.0,0.0,0.0
2026-05-14 07:34:37,07:34:37,IWM,282.67,30647271.0,11209544.0,19437727.0,0.0,0.0
2026-05-14 07:34:52,07:34:52,IWM,282.67,30647271.0,11209544.0,19437727.0,0.0,0.0
2026-05-14 07:35:05,07:35:05,IWM,282.67,30647271.0,11209544.0,19437727.0,0.0,0.0
2026-05-14 07:35:28,07:35:28,IWM,282.67,30647271.0,11209544.0,19437727.0,0.0,0.0
2026-05-14 07:53:20,07:53:20,IWM,282.67,30647271.0,11209544.0,19437727.0,0.0,0.0
2026-05-14 07:53:30,07:53:30,IWM,282.67,30647271.0,11209544.0,19437727.0,0.0,0.0
2026-05-14 07:53:44,07:53:44,IWM,282.67,30647271.0,11209544.0,19437727.0,0.0,0.0
2026-05-14 07:54:00,07:54:00,IWM,282.67,30647271.0,11209544.0,19437727.0,0.0,0.0
2026-05-14 07:54:13,07:54:13,IWM,282.67,30647271.0,11209544.0,19437727.0,0.0,0.0
2026-05-14 07:54:31,07:54:31,IWM,282.67,30647271.0,11209544.0,19437727.0,0.0,0.0
2026-05-14 07:54:44,07:54:44,IWM,282.67,30647271.0,11209544.0,19437727.0,0.0,0.0
2026-05-14 07:54:57,07:54:57,IWM,282.67,30647271.0,11209544.0,19437727.0,0.0,0.0
2026-05-14 07:55:14,07:55:14,IWM,282.67,30647271.0,11209544.0,19437727.0,0.0,0.0
2026-05-14 07:55:28,07:55:28,IWM,282.67,30647271.0,11209544.0,19437727.0,0.0,0.0
2026-05-14 07:55:43,07:55:43,IWM,282.67,30647271.0,11209544.0,19437727.0,0.0,0.0
2026-05-14 07:55:57,07:55:57,IWM,282.67,30647271.0,11209544.0,19437727.0,0.0,0.0
2026-05-14 07:56:10,07:56:10,IWM,282.67,30647271.0,11209544.0,19437727.0,0.0,0.0
2026-05-14 07:56:27,07:56:27,IWM,282.67,30647271.0,11209544.0,19437727.0,0.0,0.0
2026-05-14 07:58:23,07:58:23,IWM,282.67,30647271.0,11209544.0,19437727.0,0.0,0.0
2026-05-14 08:00:11,08:00:11,IWM,282.67,30647271.0,11209544.0,19437727.0,0.0,0.0
2026-05-14 08:00:28,08:00:28,IWM,282.67,30647271.0,11209544.0,19437727.0,0.0,0.0
2026-05-14 08:00:38,08:00:38,IWM,282.67,30647271.0,11209544.0,19437727.0,0.0,0.0
2026-05-14 08:00:46,08:00:46,IWM,282.67,30647271.0,11209544.0,19437727.0,0.0,0.0
2026-05-14 08:00:56,08:00:56,IWM,282.67,30647271.0,11209544.0,19437727.0,0.0,0.0
2026-05-14 08:01:12,08:01:12,IWM,282.67,30647271.0,11209544.0,19437727.0,0.0,0.0
2026-05-14 08:01:31,08:01:31,IWM,282.67,30647271.0,11209544.0,19437727.0,0.0,0.0
2026-05-14 08:01:44,08:01:44,IWM,282.67,30647271.0,11209544.0,19437727.0,0.0,0.0
2026-05-14 08:02:02,08:02:02,IWM,282.67,30647271.0,11209544.0,19437727.0,0.0,0.0
2026-05-14 08:02:12,08:02:12,IWM,282.67,30647271.0,11209544.0,19437727.0,0.0,0.0
2026-05-14 08:31:16,08:31:16,IWM,283.26,4135231.0,981806.0,3153425.0,0.0,0.0
2026-05-14 08:31:30,08:31:30,IWM,283.3,4183929.0,978829.0,3205100.0,0.0,0.0
2026-05-14 08:31:39,08:31:39,IWM,283.2,4176222.0,1015878.0,3160344.0,0.0,0.0
2026-05-14 08:31:46,08:31:46,IWM,283.21,4187222.0,1014396.0,3172826.0,0.0,0.0
2026-05-14 08:31:53,08:31:53,IWM,283.14,4183469.0,1081590.0,3101879.0,0.0,0.0
2026-05-14 08:32:01,08:32:01,IWM,283.12,4165085.0,1112508.0,3052577.0,0.0,0.0
2026-05-14 08:32:18,08:32:18,IWM,283.11,4195986.0,1153357.0,3042629.0,0.0,0.0
2026-05-14 08:32:29,08:32:29,IWM,283.03,4186672.0,1235974.0,2950698.0,0.0,0.0
2026-05-14 08:32:45,08:32:45,IWM,282.99,4407817.0,1158510.0,3249307.0,0.0,0.0
2026-05-14 08:33:29,08:33:29,IWM,283.0,4508770.0,1439789.0,3068981.0,0.0,0.0
2026-05-14 08:35:29,08:35:29,IWM,282.75,4355358.0,1891187.0,2464171.0,0.0,0.0
2026-05-14 08:37:28,08:37:28,IWM,283.01,4519541.0,2083258.0,2436283.0,0.0,0.0
2026-05-14 08:39:28,08:39:28,IWM,282.84,1887354.0,2255088.0,-367734.0,0.0,0.0
2026-05-14 08:41:30,08:41:30,IWM,282.6999,1971177.0,2745134.0,-773957.0,0.0,0.0
2026-05-14 08:43:34,08:43:34,IWM,282.51,1958411.0,3436325.0,-1477914.0,0.0,0.0
2026-05-14 08:45:27,08:45:27,IWM,282.095,1834477.0,4296509.0,-2462032.0,0.0,0.0
2026-05-14 08:47:26,08:47:26,IWM,282.35,2378910.0,4245141.0,-1866231.0,0.0,0.0
2026-05-14 08:49:27,08:49:27,IWM,282.5,2824437.0,4078058.0,-1253621.0,0.0,0.0
2026-05-14 08:51:29,08:51:29,IWM,282.35,2898663.0,4555686.0,-1657023.0,0.0,0.0
2026-05-14 08:53:28,08:53:28,IWM,282.65,3553344.0,4095851.0,-542507.0,0.0,0.0
2026-05-14 08:55:32,08:55:32,IWM,283.02,4930316.0,3798358.0,1131958.0,0.0,0.0
2026-05-14 08:57:30,08:57:30,IWM,282.54,4275235.0,5304825.0,-1029590.0,0.0,0.0
2026-05-14 08:59:32,08:59:32,IWM,283.14,5839433.0,4240004.0,1599429.0,0.0,0.0
2026-05-14 09:01:29,09:01:29,IWM,283.26,7134181.0,4014572.0,3119609.0,0.0,0.0
2026-05-14 09:03:28,09:03:28,IWM,283.78,9585943.0,3345787.0,6240156.0,0.0,0.0
2026-05-14 09:05:27,09:05:27,IWM,283.54,9330243.0,4035120.0,5295123.0,0.0,0.0
2026-05-14 09:07:27,09:07:27,IWM,283.46,8928578.0,4260389.0,4668189.0,0.0,0.0
2026-05-14 09:09:28,09:09:28,IWM,283.51,9380490.0,4328875.0,5051615.0,0.0,0.0
2026-05-14 09:11:29,09:11:29,IWM,283.52,9496295.0,4131091.0,5365204.0,0.0,0.0
2026-05-14 09:13:28,09:13:28,IWM,283.64,9882544.0,4087575.0,5794969.0,0.0,0.0
2026-05-14 09:15:28,09:15:28,IWM,283.41,8898347.0,4323498.0,4574849.0,0.0,0.0
2026-05-14 09:17:29,09:17:29,IWM,283.39,8868209.0,4270781.0,4597428.0,0.0,0.0
2026-05-14 09:19:29,09:19:29,IWM,283.43,8980014.0,4373454.0,4606560.0,0.0,0.0
2026-05-14 09:21:30,09:21:30,IWM,283.02,7443203.0,5425797.0,2017406.0,0.0,0.0
2026-05-14 09:23:31,09:23:31,IWM,282.858,7183252.0,5948589.0,1234663.0,0.0,0.0
2026-05-14 09:25:30,09:25:30,IWM,282.77,7086562.0,6200959.0,885603.0,0.0,0.0
2026-05-14 09:27:39,09:27:39,IWM,282.75,7019839.0,6650983.0,368856.0,0.0,0.0
2026-05-14 09:29:41,09:29:41,IWM,282.88,7515906.0,6258912.0,1256994.0,0.0,0.0
2026-05-14 09:30:35,09:30:35,IWM,282.69,6927637.0,6843072.0,84565.0,0.0,0.0
2026-05-14 09:32:31,09:32:31,IWM,282.695,6921561.0,6955089.0,-33528.0,0.0,0.0
2026-05-14 09:34:31,09:34:31,IWM,282.96,7882032.0,6114264.0,1767768.0,0.0,0.0
2026-05-14 09:36:32,09:36:32,IWM,283.12,8501603.0,5663117.0,2838486.0,0.0,0.0
2026-05-14 09:38:34,09:38:34,IWM,283.22,9004005.0,5375058.0,3628947.0,0.0,0.0
2026-05-14 09:40:30,09:40:30,IWM,283.18,8844950.0,5348507.0,3496443.0,0.0,0.0
2026-05-14 09:42:34,09:42:34,IWM,283.14,8566683.0,5382461.0,3184222.0,0.0,0.0
2026-05-14 09:44:38,09:44:38,IWM,283.28,8993155.0,5318477.0,3674678.0,0.0,0.0
2026-05-14 09:46:31,09:46:31,IWM,283.33,9363769.0,5214616.0,4149153.0,0.0,0.0
2026-05-14 09:48:32,09:48:32,IWM,283.585,11158323.0,4616337.0,6541986.0,0.0,0.0
2026-05-14 09:50:29,09:50:29,IWM,283.76,12392183.0,4309548.0,8082635.0,0.0,0.0
2026-05-14 09:52:29,09:52:29,IWM,283.9,13781664.0,4171144.0,9610520.0,0.0,0.0
2026-05-14 09:54:27,09:54:27,IWM,284.15,16374436.0,3741037.0,12633399.0,0.0,0.0
2026-05-14 09:56:33,09:56:33,IWM,284.23,17357823.0,3778338.0,13579485.0,0.0,0.0
2026-05-14 09:58:34,09:58:34,IWM,284.16,16971353.0,4064325.0,12907028.0,0.0,0.0
2026-05-14 10:00:31,10:00:31,IWM,284.35,18732374.0,3794126.0,14938248.0,0.0,0.0
2026-05-14 10:02:28,10:02:28,IWM,284.24,18418806.0,4178608.0,14240198.0,0.0,0.0
2026-05-14 10:04:28,10:04:28,IWM,284.28266,18829335.0,4227292.0,14602043.0,0.0,0.0
2026-05-14 10:06:27,10:06:27,IWM,284.35,19412582.0,4371856.0,15040726.0,0.0,0.0
2026-05-14 10:08:28,10:08:28,IWM,284.36,19707849.0,4462916.0,15244933.0,0.0,0.0
2026-05-14 10:10:27,10:10:27,IWM,284.36,19989282.0,4616713.0,15372569.0,0.0,0.0
2026-05-14 10:12:35,10:12:35,IWM,284.57,22955569.0,4217750.0,18737819.0,0.0,0.0
2026-05-14 10:14:28,10:14:28,IWM,284.735,24667485.0,3963091.0,20704394.0,0.0,0.0
2026-05-14 10:16:28,10:16:28,IWM,284.76,25437827.0,4131929.0,21305898.0,0.0,0.0
2026-05-14 10:18:30,10:18:30,IWM,284.83,27243792.0,4077553.0,23166239.0,0.0,0.0
2026-05-14 10:20:30,10:20:30,IWM,284.84,28481203.0,4065855.0,24415348.0,0.0,0.0
2026-05-14 10:22:29,10:22:29,IWM,284.63,25513643.0,4392138.0,21121505.0,0.0,0.0
2026-05-14 10:24:28,10:24:28,IWM,284.53,24132936.0,4601812.0,19531124.0,0.0,0.0
2026-05-14 10:26:28,10:26:28,IWM,284.56,24447614.0,4710206.0,19737408.0,0.0,0.0
2026-05-14 10:28:35,10:28:35,IWM,284.46,23267640.0,5111872.0,18155768.0,0.0,0.0
2026-05-14 10:30:35,10:30:35,IWM,284.64,25608182.0,4695458.0,20912724.0,0.0,0.0
2026-05-14 10:32:28,10:32:28,IWM,284.63,25397996.0,4645689.0,20752307.0,0.0,0.0
2026-05-14 10:34:29,10:34:29,IWM,284.49,23752842.0,4863820.0,18889022.0,0.0,0.0
2026-05-14 10:36:27,10:36:27,IWM,284.42,23476202.0,4890959.0,18585243.0,0.0,0.0
2026-05-14 10:38:31,10:38:31,IWM,284.36,21953971.0,5329424.0,16624547.0,0.0,0.0
2026-05-14 10:40:26,10:40:26,IWM,284.31,22241737.0,5263778.0,16977959.0,0.0,0.0
2026-05-14 10:42:27,10:42:27,IWM,284.54,24419242.0,4771370.0,19647872.0,0.0,0.0
2026-05-14 10:44:31,10:44:31,IWM,284.3729,22460465.0,5164432.0,17296033.0,0.0,0.0
2026-05-14 10:46:33,10:46:33,IWM,284.5598,24469965.0,4882332.0,19587633.0,0.0,0.0
2026-05-14 10:48:27,10:48:27,IWM,284.73,27236005.0,4516071.0,22719934.0,0.0,0.0
2026-05-14 10:50:28,10:50:28,IWM,284.77,27912531.0,4513370.0,23399161.0,0.0,0.0
2026-05-14 10:50:43,10:50:43,IWM,284.81,28393713.0,4460993.0,23932720.0,0.0,0.0
2026-05-14 10:51:32,10:51:32,IWM,284.85,29583757.0,4366788.0,25216969.0,0.0,0.0
2026-05-14 10:53:34,10:53:34,IWM,284.91,30487079.0,4455464.0,26031615.0,0.0,0.0
2026-05-14 10:55:31,10:55:31,IWM,284.95,31053267.0,4300175.0,26753092.0,0.0,0.0
2026-05-14 10:57:29,10:57:29,IWM,284.93,30304634.0,4315228.0,25989406.0,0.0,0.0
2026-05-14 10:59:36,10:59:36,IWM,285.07,32959447.0,4107040.0,28852407.0,0.0,0.0
2026-05-14 11:01:31,11:01:31,IWM,285.09,33808093.0,4192717.0,29615376.0,0.0,0.0
2026-05-14 11:03:31,11:03:31,IWM,285.3,37895600.0,4034881.0,33860719.0,0.0,0.0
2026-05-14 11:05:30,11:05:30,IWM,285.36,39195730.0,4000738.0,35194992.0,0.0,0.0
2026-05-14 11:07:31,11:07:31,IWM,285.3201,38493815.0,4056793.0,34437022.0,0.0,0.0
2026-05-14 11:09:30,11:09:30,IWM,285.47,40773978.0,3974794.0,36799184.0,0.0,0.0
2026-05-14 11:11:31,11:11:31,IWM,285.42,40394057.0,3998650.0,36395407.0,0.0,0.0
2026-05-14 11:13:31,11:13:31,IWM,285.51,42386152.0,3853315.0,38532837.0,0.0,0.0
2026-05-14 11:15:32,11:15:32,IWM,285.63,44626428.0,3794147.0,40832281.0,0.0,0.0
2026-05-14 11:17:30,11:17:30,IWM,285.55,43836534.0,3813558.0,40022976.0,0.0,0.0
2026-05-14 11:19:30,11:19:30,IWM,285.455,41679913.0,4046368.0,37633545.0,0.0,0.0
2026-05-14 11:21:29,11:21:29,IWM,285.265,37698508.0,4240067.0,33458441.0,0.0,0.0
2026-05-14 11:23:30,11:23:30,IWM,285.1,35013882.0,4823246.0,30190636.0,0.0,0.0
2026-05-14 11:25:25,11:25:25,IWM,284.79,30093848.0,5701206.0,24392642.0,0.0,0.0
2026-05-14 11:27:31,11:27:31,IWM,284.85,30883204.0,5475271.0,25407933.0,0.0,0.0
2026-05-14 11:29:31,11:29:31,IWM,284.97,32618879.0,5487809.0,27131070.0,0.0,0.0
2026-05-14 11:31:30,11:31:30,IWM,284.74,30353275.0,6072765.0,24280510.0,0.0,0.0
2026-05-14 11:33:30,11:33:30,IWM,284.64,28584588.0,6520536.0,22064052.0,0.0,0.0
2026-05-14 11:35:31,11:35:31,IWM,284.73,29615540.0,6348894.0,23266646.0,0.0,0.0
2026-05-14 11:37:30,11:37:30,IWM,284.84,31968459.0,5960455.0,26008004.0,0.0,0.0
2026-05-14 11:39:32,11:39:32,IWM,284.85,31302713.0,5865933.0,25436780.0,0.0,0.0
2026-05-14 11:41:25,11:41:25,IWM,284.93,31814870.0,5720807.0,26094063.0,0.0,0.0
2026-05-14 11:43:25,11:43:25,IWM,284.595,27714234.0,6906790.0,20807444.0,0.0,0.0
2026-05-14 11:45:30,11:45:30,IWM,284.79,29899843.0,6694888.0,23204955.0,0.0,0.0
2026-05-14 11:47:28,11:47:28,IWM,284.86,31350854.0,6410104.0,24940750.0,0.0,0.0
2026-05-14 11:49:26,11:49:26,IWM,284.79,30265991.0,6271920.0,23994071.0,0.0,0.0
2026-05-14 11:51:29,11:51:29,IWM,284.57,27610957.0,7002030.0,20608927.0,0.0,0.0
2026-05-14 11:53:29,11:53:29,IWM,284.4,24278307.0,7755851.0,16522456.0,0.0,0.0
2026-05-14 11:55:30,11:55:30,IWM,284.53,26645347.0,7933751.0,18711596.0,0.0,0.0
2026-05-14 11:57:26,11:57:26,IWM,284.68,28302628.0,7190913.0,21111715.0,0.0,0.0
2026-05-14 11:59:27,11:59:27,IWM,284.76,30783879.0,6739341.0,24044538.0,0.0,0.0
2026-05-14 12:01:26,12:01:26,IWM,285.075,35773737.0,5894068.0,29879669.0,0.0,0.0
2026-05-14 12:03:27,12:03:27,IWM,284.95,34386579.0,6196924.0,28189655.0,0.0,0.0
2026-05-14 12:05:27,12:05:27,IWM,284.8,31587420.0,6518753.0,25068667.0,0.0,0.0
2026-05-14 12:07:33,12:07:33,IWM,284.74,30335065.0,6812626.0,23522439.0,0.0,0.0
2026-05-14 12:09:31,12:09:31,IWM,285.0,33834072.0,6549599.0,27284473.0,0.0,0.0
2026-05-14 12:11:29,12:11:29,IWM,284.715,30844354.0,7155186.0,23689168.0,0.0,0.0
2026-05-14 12:13:30,12:13:30,IWM,284.51,26877303.0,8303516.0,18573787.0,0.0,0.0
2026-05-14 12:15:28,12:15:28,IWM,284.19,23219410.0,10230297.0,12989113.0,0.0,0.0
2026-05-14 12:15:48,12:15:48,IWM,284.18,22995619.0,10137661.0,12857958.0,0.0,0.0
2026-05-14 12:16:03,12:16:03,IWM,284.22,23090523.0,10164942.0,12925581.0,0.0,0.0
2026-05-14 12:16:15,12:16:15,IWM,284.2,22804133.0,10258746.0,12545387.0,0.0,0.0
2026-05-14 12:16:29,12:16:29,IWM,284.06,21867043.0,11023916.0,10843127.0,0.0,0.0
2026-05-14 12:16:46,12:16:46,IWM,284.0701,21766241.0,11277818.0,10488423.0,0.0,0.0
2026-05-14 12:17:01,12:17:01,IWM,284.065,21545985.0,11295449.0,10250536.0,0.0,0.0
2026-05-14 12:17:17,12:17:17,IWM,283.97,21173435.0,11906541.0,9266894.0,0.0,0.0
2026-05-14 12:17:34,12:17:34,IWM,283.92,20573832.0,12103855.0,8469977.0,0.0,0.0
2026-05-14 12:17:47,12:17:47,IWM,284.03,20644031.0,11612513.0,9031518.0,0.0,0.0
2026-05-14 12:18:02,12:18:02,IWM,283.98,21072168.0,11841828.0,9230340.0,0.0,0.0
2026-05-14 12:18:14,12:18:14,IWM,284.0,21381366.0,12035132.0,9346234.0,0.0,0.0
2026-05-14 12:18:30,12:18:30,IWM,283.97,20575027.0,11928334.0,8646693.0,0.0,0.0
2026-05-14 12:18:46,12:18:46,IWM,283.84,19940600.0,12790722.0,7149878.0,0.0,0.0
2026-05-14 12:19:00,12:19:00,IWM,283.91,20156378.0,12635633.0,7520745.0,0.0,0.0
2026-05-14 12:19:17,12:19:17,IWM,284.03,20727897.0,11675514.0,9052383.0,0.0,0.0
2026-05-14 12:19:31,12:19:31,IWM,284.0,20984050.0,11871329.0,9112721.0,0.0,0.0
2026-05-14 12:19:43,12:19:43,IWM,284.03831,20854887.0,11747503.0,9107384.0,0.0,0.0
2026-05-14 12:19:58,12:19:58,IWM,284.01,20698043.0,11580340.0,9117703.0,0.0,0.0
2026-05-14 12:20:14,12:20:14,IWM,283.92,20469471.0,12406856.0,8062615.0,0.0,0.0
2026-05-14 12:20:28,12:20:28,IWM,283.94,20020169.0,12403572.0,7616597.0,0.0,0.0
2026-05-14 12:20:46,12:20:46,IWM,283.99,20672259.0,12038294.0,8633965.0,0.0,0.0
2026-05-14 12:21:30,12:21:30,IWM,283.9501,20362863.0,12049446.0,8313417.0,0.0,0.0
2026-05-14 12:23:27,12:23:27,IWM,283.7,17926812.0,13605322.0,4321490.0,0.0,0.0
2026-05-14 12:25:26,12:25:26,IWM,283.75,17839386.0,13879643.0,3959743.0,0.0,0.0
2026-05-14 12:27:29,12:27:29,IWM,283.63,16706039.0,14475428.0,2230611.0,0.0,0.0
2026-05-14 12:29:31,12:29:31,IWM,284.03,19623785.0,11590684.0,8033101.0,0.0,0.0
2026-05-14 12:31:32,12:31:32,IWM,284.01,19961889.0,11513717.0,8448172.0,0.0,0.0
2026-05-14 12:33:30,12:33:30,IWM,284.18,21418862.0,10866547.0,10552315.0,0.0,0.0
2026-05-14 12:35:27,12:35:27,IWM,284.32,23475168.0,9680683.0,13794485.0,0.0,0.0
2026-05-14 12:37:28,12:37:28,IWM,284.44,25390554.0,9487199.0,15903355.0,0.0,0.0
2026-05-14 12:39:27,12:39:27,IWM,284.5,26244034.0,8936323.0,17307711.0,0.0,0.0
2026-05-14 12:41:27,12:41:27,IWM,284.47,25731999.0,9086136.0,16645863.0,0.0,0.0
2026-05-14 12:41:42,12:41:42,IWM,284.48,26110183.0,9022001.0,17088182.0,0.0,0.0
2026-05-14 12:42:00,12:42:00,IWM,284.46,25806583.0,9020489.0,16786094.0,0.0,0.0
2026-05-14 12:42:15,12:42:15,IWM,284.44,25742443.0,9066890.0,16675553.0,0.0,0.0
2026-05-14 12:42:30,12:42:30,IWM,284.26,23634986.0,9703733.0,13931253.0,0.0,0.0
2026-05-14 12:42:46,12:42:46,IWM,284.245,23153892.0,10148520.0,13005372.0,0.0,0.0
2026-05-14 12:43:00,12:43:00,IWM,284.28,23359412.0,10004067.0,13355345.0,0.0,0.0
2026-05-14 12:43:16,12:43:16,IWM,284.35,23733629.0,9783998.0,13949631.0,0.0,0.0
2026-05-14 12:43:29,12:43:29,IWM,284.36,24173837.0,9698696.0,14475141.0,0.0,0.0
2026-05-14 12:43:46,12:43:46,IWM,284.41,24215057.0,9592256.0,14622801.0,0.0,0.0
2026-05-14 12:43:59,12:43:59,IWM,284.4,24233279.0,9526255.0,14707024.0,0.0,0.0
2026-05-14 12:44:15,12:44:15,IWM,284.43,24431770.0,9323442.0,15108328.0,0.0,0.0
2026-05-14 12:44:32,12:44:32,IWM,284.53,25668836.0,8784431.0,16884405.0,0.0,0.0
2026-05-14 12:44:45,12:44:45,IWM,284.5193,26360706.0,8733377.0,17627329.0,0.0,0.0
2026-05-14 12:45:01,12:45:01,IWM,284.51,26393125.0,8800791.0,17592334.0,0.0,0.0
2026-05-14 12:45:16,12:45:16,IWM,284.5,26337166.0,8887051.0,17450115.0,0.0,0.0
2026-05-14 12:45:29,12:45:29,IWM,284.47,26365678.0,8922761.0,17442917.0,0.0,0.0
2026-05-14 12:45:44,12:45:44,IWM,284.42,26045076.0,9097807.0,16947269.0,0.0,0.0
2026-05-14 12:45:59,12:45:59,IWM,284.465,26354748.0,9226895.0,17127853.0,0.0,0.0
2026-05-14 12:46:14,12:46:14,IWM,284.44,26282727.0,9183869.0,17098858.0,0.0,0.0
2026-05-14 12:46:30,12:46:30,IWM,284.47,26773099.0,9019790.0,17753309.0,0.0,0.0
2026-05-14 12:46:46,12:46:46,IWM,284.47,26488741.0,9058048.0,17430693.0,0.0,0.0
2026-05-14 12:47:01,12:47:01,IWM,284.46,26344874.0,9099997.0,17244877.0,0.0,0.0
2026-05-14 12:47:15,12:47:15,IWM,284.51,27178734.0,9058744.0,18119990.0,0.0,0.0
2026-05-14 12:47:31,12:47:31,IWM,284.525,27586599.0,8969749.0,18616850.0,0.0,0.0
2026-05-14 12:47:46,12:47:46,IWM,284.53,27205190.0,8891997.0,18313193.0,0.0,0.0
2026-05-14 12:48:03,12:48:03,IWM,284.55,27427777.0,8833986.0,18593791.0,0.0,0.0
2026-05-14 12:48:19,12:48:19,IWM,284.55,27558799.0,8726559.0,18832240.0,0.0,0.0
2026-05-14 12:48:35,12:48:35,IWM,284.54,27649522.0,8606671.0,19042851.0,0.0,0.0
2026-05-14 12:48:50,12:48:50,IWM,284.55,27357421.0,8667445.0,18689976.0,0.0,0.0
2026-05-14 12:49:02,12:49:02,IWM,284.56,27687358.0,8601977.0,19085381.0,0.0,0.0
2026-05-14 12:49:17,12:49:17,IWM,284.57,27764294.0,8497964.0,19266330.0,0.0,0.0
2026-05-14 12:49:31,12:49:31,IWM,284.54,27687912.0,8579517.0,19108395.0,0.0,0.0
2026-05-14 12:49:47,12:49:47,IWM,284.59,27798226.0,8530573.0,19267653.0,0.0,0.0
2026-05-14 12:50:01,12:50:01,IWM,284.61,28450740.0,8358286.0,20092454.0,0.0,0.0
2026-05-14 12:50:16,12:50:16,IWM,284.64,28508505.0,8250105.0,20258400.0,0.0,0.0
2026-05-14 12:50:32,12:50:32,IWM,284.59,28114664.0,8288490.0,19826174.0,0.0,0.0
2026-05-14 12:50:46,12:50:46,IWM,284.58,27924772.0,8381966.0,19542806.0,0.0,0.0
2026-05-14 12:51:00,12:51:00,IWM,284.59,27967978.0,8382457.0,19585521.0,0.0,0.0
2026-05-14 12:51:16,12:51:16,IWM,284.5,27359631.0,8485573.0,18874058.0,0.0,0.0
2026-05-14 12:51:32,12:51:32,IWM,284.54,27339138.0,8524117.0,18815021.0,0.0,0.0
2026-05-14 12:51:48,12:51:48,IWM,284.53,27301537.0,8547081.0,18754456.0,0.0,0.0
2026-05-14 12:52:03,12:52:03,IWM,284.61,27860179.0,8444971.0,19415208.0,0.0,0.0
2026-05-14 12:52:17,12:52:17,IWM,284.58,27630385.0,8378114.0,19252271.0,0.0,0.0
2026-05-14 12:52:31,12:52:31,IWM,284.46,26296016.0,8474141.0,17821875.0,0.0,0.0
2026-05-14 12:52:45,12:52:45,IWM,284.38,25476676.0,8587590.0,16889086.0,0.0,0.0
2026-05-14 12:52:59,12:52:59,IWM,284.3,24453977.0,8959189.0,15494788.0,0.0,0.0
2026-05-14 12:53:17,12:53:17,IWM,284.45,24866980.0,8960353.0,15906627.0,0.0,0.0
2026-05-14 12:53:28,12:53:28,IWM,284.49,26043033.0,8650767.0,17392266.0,0.0,0.0
2026-05-14 12:53:47,12:53:47,IWM,284.54,26437352.0,8571085.0,17866267.0,0.0,0.0
2026-05-14 12:54:23,12:54:23,IWM,284.57,27294719.0,8388311.0,18906408.0,0.0,0.0
2026-05-14 12:55:01,12:55:01,IWM,284.48,26826364.0,8473249.0,18353115.0,0.0,0.0
2026-05-14 12:55:16,12:55:16,IWM,284.51,26790524.0,8459683.0,18330841.0,0.0,0.0
2026-05-14 12:55:16,12:55:16,IWM,284.51,26789515.0,8459683.0,18329832.0,0.0,0.0
2026-05-14 12:55:24,12:55:24,IWM,284.51,26683660.0,8459733.0,18223927.0,0.0,0.0
2026-05-14 12:55:28,12:55:28,IWM,284.5,26681180.0,8459778.0,18221402.0,0.0,0.0
2026-05-14 12:55:38,12:55:38,IWM,284.4651,26215998.0,8560875.0,17655123.0,0.0,0.0
2026-05-14 12:55:50,12:55:50,IWM,284.45,26061202.0,8562085.0,17499117.0,0.0,0.0
2026-05-14 12:56:03,12:56:03,IWM,284.45,25939653.0,8624824.0,17314829.0,0.0,0.0
2026-05-14 12:56:16,12:56:16,IWM,284.49,26293367.0,8624843.0,17668524.0,0.0,0.0
2026-05-14 12:56:33,12:56:33,IWM,284.44,25750883.0,8744054.0,17006829.0,0.0,0.0
2026-05-14 12:58:23,12:58:23,IWM,284.28,23714869.0,9250001.0,14464868.0,0.0,0.0
2026-05-14 13:00:20,13:00:20,IWM,284.0372,19805001.0,11525179.0,8279822.0,0.0,0.0
2026-05-14 13:02:08,13:02:08,IWM,284.08,20014763.0,11487427.0,8527336.0,0.0,0.0
2026-05-14 13:04:06,13:04:06,IWM,284.2589,21851156.0,10548858.0,11302298.0,0.0,0.0
2026-05-14 13:05:49,13:05:49,IWM,284.31,22786437.0,9789542.0,12996895.0,0.0,0.0
2026-05-14 13:07:51,13:07:51,IWM,284.375,24748773.0,9787074.0,14961699.0,0.0,0.0
2026-05-14 13:09:40,13:09:40,IWM,284.57,26748833.0,8718053.0,18030780.0,0.0,0.0
2026-05-14 13:11:37,13:11:37,IWM,284.62,28044567.0,8278158.0,19766409.0,0.0,0.0
2026-05-14 13:13:23,13:13:23,IWM,284.8,31401804.0,7502479.0,23899325.0,0.0,0.0
2026-05-14 13:15:21,13:15:21,IWM,284.82,32053217.0,7426967.0,24626250.0,0.0,0.0
2026-05-14 13:17:05,13:17:05,IWM,284.84,32437693.0,7290650.0,25147043.0,0.0,0.0
2026-05-14 13:19:04,13:19:04,IWM,285.04,36000967.0,6577368.0,29423599.0,0.0,0.0
2026-05-14 13:20:49,13:20:49,IWM,284.9,33999338.0,6988511.0,27010827.0,0.0,0.0
2026-05-14 13:22:50,13:22:50,IWM,284.84,32738176.0,7216427.0,25521749.0,0.0,0.0
2026-05-14 13:24:34,13:24:34,IWM,284.72,31365350.0,7516001.0,23849349.0,0.0,0.0
2026-05-14 13:26:33,13:26:33,IWM,284.49,26089758.0,8505052.0,17584706.0,0.0,0.0
2026-05-14 13:28:21,13:28:21,IWM,284.54,26165247.0,8761423.0,17403824.0,0.0,0.0
2026-05-14 13:30:18,13:30:18,IWM,284.73,29486242.0,7654444.0,21831798.0,0.0,0.0
2026-05-14 13:32:02,13:32:02,IWM,284.9,32475575.0,7263233.0,25212342.0,0.0,0.0
2026-05-14 13:34:00,13:34:00,IWM,284.91,32402327.0,7258182.0,25144145.0,0.0,0.0
2026-05-14 13:35:43,13:35:43,IWM,284.76,31040517.0,7430956.0,23609561.0,0.0,0.0
2026-05-14 13:37:44,13:37:44,IWM,284.89,31876450.0,7356572.0,24519878.0,0.0,0.0
2026-05-14 13:39:30,13:39:30,IWM,284.68,28583199.0,7912479.0,20670720.0,0.0,0.0
2026-05-14 13:39:59,13:39:59,IWM,284.72,29005582.0,7761418.0,21244164.0,0.0,0.0
2026-05-14 13:40:29,13:40:29,IWM,284.77,28710045.0,7694741.0,21015304.0,0.0,0.0
2026-05-14 13:42:29,13:42:29,IWM,284.74,29582827.0,7555872.0,22026955.0,0.0,0.0
2026-05-14 13:44:15,13:44:15,IWM,284.65,28135160.0,7883444.0,20251716.0,0.0,0.0
2026-05-14 13:46:15,13:46:15,IWM,284.7052,27504676.0,7888908.0,19615768.0,0.0,0.0
2026-05-14 13:47:58,13:47:58,IWM,284.75,29421292.0,7428697.0,21992595.0,0.0,0.0
2026-05-14 13:50:02,13:50:02,IWM,284.77,30284062.0,7262226.0,23021836.0,0.0,0.0
2026-05-14 13:51:45,13:51:45,IWM,284.6,27628623.0,7921104.0,19707519.0,0.0,0.0
2026-05-14 13:52:21,13:52:21,IWM,284.57,26952626.0,8129994.0,18822632.0,0.0,0.0
2026-05-14 13:52:48,13:52:48,IWM,284.575,26480840.0,8130842.0,18349998.0,0.0,0.0
2026-05-14 14:11:46,14:11:46,IWM,284.59,26910984.0,7805553.0,19105431.0,0.0,0.0
2026-05-14 14:12:03,14:12:03,IWM,284.5775,26459466.0,7911509.0,18547957.0,0.0,0.0
2026-05-14 14:12:19,14:12:19,IWM,284.555,25943070.0,8050781.0,17892289.0,0.0,0.0
2026-05-14 14:12:36,14:12:36,IWM,284.53,25670882.0,7979838.0,17691044.0,0.0,0.0
2026-05-14 14:12:50,14:12:50,IWM,284.54,25217974.0,8096955.0,17121019.0,0.0,0.0
2026-05-14 14:13:08,14:13:08,IWM,284.57,25578960.0,8063205.0,17515755.0,0.0,0.0
2026-05-14 14:13:22,14:13:22,IWM,284.57,25759337.0,7918086.0,17841251.0,0.0,0.0
2026-05-14 14:13:35,14:13:35,IWM,284.58,25763154.0,7864569.0,17898585.0,0.0,0.0
2026-05-14 14:13:50,14:13:50,IWM,284.62,26247539.0,7766817.0,18480722.0,0.0,0.0
2026-05-14 14:14:07,14:14:07,IWM,284.68,26908359.0,7561077.0,19347282.0,0.0,0.0
2026-05-14 14:14:19,14:14:19,IWM,284.65,26752736.0,7547283.0,19205453.0,0.0,0.0
2026-05-14 14:14:34,14:14:34,IWM,284.69,26753486.0,7497284.0,19256202.0,0.0,0.0
2026-05-14 14:14:50,14:14:50,IWM,284.695,27243566.0,7408623.0,19834943.0,0.0,0.0
2026-05-14 14:15:11,14:15:11,IWM,284.7,27508979.0,7413283.0,20095696.0,0.0,0.0
2026-05-14 14:15:34,14:15:34,IWM,284.69,27819641.0,7406231.0,20413410.0,0.0,0.0
2026-05-14 14:15:47,14:15:47,IWM,284.645,27824003.0,7464645.0,20359358.0,0.0,0.0
2026-05-14 14:16:01,14:16:01,IWM,284.67,27410496.0,7464786.0,19945710.0,0.0,0.0
2026-05-14 14:16:06,14:16:06,IWM,284.665,27410496.0,7419990.0,19990506.0,0.0,0.0
2026-05-14 14:16:21,14:16:21,IWM,284.69,27492547.0,7428602.0,20063945.0,0.0,0.0
2026-05-14 14:16:35,14:16:35,IWM,284.74,27710271.0,7202649.0,20507622.0,0.0,0.0
2026-05-14 14:16:53,14:16:53,IWM,284.67,27665565.0,7142483.0,20523082.0,0.0,0.0
2026-05-14 14:17:04,14:17:04,IWM,284.67,27449327.0,7272161.0,20177166.0,0.0,0.0
2026-05-14 14:17:23,14:17:23,IWM,284.64,27315227.0,7222782.0,20092445.0,0.0,0.0
2026-05-14 14:17:34,14:17:34,IWM,284.72,27769972.0,7330859.0,20439113.0,0.0,0.0
2026-05-14 14:17:50,14:17:50,IWM,284.71,28066598.0,7216830.0,20849768.0,0.0,0.0
2026-05-14 14:18:06,14:18:06,IWM,284.73,28151167.0,7273974.0,20877193.0,0.0,0.0
2026-05-14 14:18:19,14:18:19,IWM,284.72,28230266.0,7233796.0,20996470.0,0.0,0.0
2026-05-14 14:18:34,14:18:34,IWM,284.75,28967458.0,7037962.0,21929496.0,0.0,0.0
2026-05-14 14:18:50,14:18:50,IWM,284.75,28989156.0,7054841.0,21934315.0,0.0,0.0
2026-05-14 14:19:05,14:19:05,IWM,284.735,28785496.0,7019533.0,21765963.0,0.0,0.0
2026-05-14 14:19:23,14:19:23,IWM,284.78,28964816.0,7019959.0,21944857.0,0.0,0.0
2026-05-14 14:19:34,14:19:34,IWM,284.79,29111679.0,7077562.0,22034117.0,0.0,0.0
2026-05-14 14:19:48,14:19:48,IWM,284.72,28468133.0,7032914.0,21435219.0,0.0,0.0
2026-05-14 14:21:31,14:21:31,IWM,284.7255,28780567.0,6993167.0,21787400.0,0.0,0.0
2026-05-14 14:23:33,14:23:33,IWM,284.5724,25786701.0,7671271.0,18115430.0,0.0,0.0
2026-05-14 14:25:20,14:25:20,IWM,284.54,25198978.0,7557997.0,17640981.0,0.0,0.0
2026-05-14 14:27:19,14:27:19,IWM,284.33,21639806.0,8609092.0,13030714.0,0.0,0.0
2026-05-14 14:29:08,14:29:08,IWM,284.375,21198054.0,8714362.0,12483692.0,0.0,0.0
2026-05-14 14:31:07,14:31:07,IWM,284.53,24064912.0,7846586.0,16218326.0,0.0,0.0
2026-05-14 14:32:54,14:32:54,IWM,284.495,23589237.0,8024715.0,15564522.0,0.0,0.0
2026-05-14 14:34:52,14:34:52,IWM,284.51,23428683.0,7962259.0,15466424.0,0.0,0.0
2026-05-14 14:36:34,14:36:34,IWM,284.6,24997831.0,7383376.0,17614455.0,0.0,0.0
2026-05-14 14:38:35,14:38:35,IWM,284.62,24792524.0,7262132.0,17530392.0,0.0,0.0
2026-05-14 14:40:19,14:40:19,IWM,284.43,22334082.0,8041822.0,14292260.0,0.0,0.0
2026-05-14 14:42:20,14:42:20,IWM,284.28,19842946.0,8743168.0,11099778.0,0.0,0.0
2026-05-14 14:44:07,14:44:07,IWM,284.37,20977055.0,8616051.0,12361004.0,0.0,0.0
2026-05-14 14:46:05,14:46:05,IWM,284.41,22089051.0,8386648.0,13702403.0,0.0,0.0
2026-05-14 14:47:52,14:47:52,IWM,284.49,23667905.0,8043071.0,15624834.0,0.0,0.0
2026-05-14 14:49:54,14:49:54,IWM,284.235,20186544.0,9192568.0,10993976.0,0.0,0.0
2026-05-14 14:51:42,14:51:42,IWM,284.345,20897222.0,8956093.0,11941129.0,0.0,0.0
2026-05-14 14:53:42,14:53:42,IWM,284.26,20282268.0,9425310.0,10856958.0,0.0,0.0
2026-05-14 14:55:28,14:55:28,IWM,284.26,20143285.0,9317446.0,10825839.0,0.0,0.0
2026-05-14 14:57:29,14:57:29,IWM,284.39,21024627.0,8782076.0,12242551.0,0.0,0.0
2026-05-14 14:59:16,14:59:16,IWM,284.48,22991317.0,7784841.0,15206476.0,0.0,0.0
2026-05-14 15:01:15,15:01:15,IWM,284.48,23267914.0,7788853.0,15479061.0,0.0,0.0
2026-05-14 15:02:58,15:02:58,IWM,284.48,24324565.0,7728119.0,16596446.0,0.0,0.0
2026-05-14 15:04:57,15:04:57,IWM,284.48,22725884.0,7783373.0,14942511.0,0.0,0.0
2026-05-14 15:06:40,15:06:40,IWM,284.48,21933463.0,8345554.0,13587909.0,0.0,0.0
2026-05-14 15:08:43,15:08:43,IWM,284.45,22505326.0,8480050.0,14025276.0,0.0,0.0
2026-05-14 15:10:27,15:10:27,IWM,284.45,22439136.0,8760663.0,13678473.0,0.0,0.0
2026-05-14 15:12:27,15:12:27,IWM,284.45,22431208.0,9150400.0,13280808.0,0.0,0.0
2026-05-14 15:14:11,15:14:11,IWM,284.45,21829064.0,9134856.0,12694208.0,0.0,0.0
2026-05-14 15:16:12,15:16:12,IWM,284.45,21829064.0,9134856.0,12694208.0,0.0,0.0
2026-05-14 15:17:59,15:17:59,IWM,284.45,21829064.0,9134856.0,12694208.0,0.0,0.0
2026-05-14 15:19:57,15:19:57,IWM,284.45,21829064.0,9134856.0,12694208.0,0.0,0.0
2026-05-14 15:21:41,15:21:41,IWM,284.45,21829064.0,9134856.0,12694208.0,0.0,0.0
2026-05-14 15:23:38,15:23:38,IWM,284.45,21829064.0,9134856.0,12694208.0,0.0,0.0
2026-05-14 15:25:22,15:25:22,IWM,284.45,21829064.0,9134856.0,12694208.0,0.0,0.0
2026-05-14 15:27:21,15:27:21,IWM,284.45,21829064.0,9134856.0,12694208.0,0.0,0.0
2026-05-14 15:29:04,15:29:04,IWM,284.45,21829064.0,9134856.0,12694208.0,0.0,0.0
2026-05-14 15:31:06,15:31:06,IWM,284.45,21829064.0,9134856.0,12694208.0,0.0,0.0
2026-05-14 15:32:48,15:32:48,IWM,284.45,21829064.0,9134856.0,12694208.0,0.0,0.0
2026-05-14 15:34:49,15:34:49,IWM,284.45,21829064.0,9134856.0,12694208.0,0.0,0.0
2026-05-14 15:36:32,15:36:32,IWM,284.45,21829064.0,9134856.0,12694208.0,0.0,0.0
2026-05-14 15:38:31,15:38:31,IWM,284.45,21829064.0,9134856.0,12694208.0,0.0,0.0
